<colors>
	<color name="white">FF8b8989</color>
	<color name="white2">FFe5e5e5</color>
	<color name="grey">>FFe5e5e5</color>
	<color name="grey2">>FFe5e5e5</color>
	<color name="grey3">>FFe5e5e5</color>
	<color name="grey4">>FFe5e5e5</color>
	<color name="black">FF000000</color>
	<color name="blue">FF6db9e5</color>
	<color name="selected">FFEB9E17</color>
	<color name="invalid">FFFF0000</color>
	<color name="themecolor">FF8b8989</color>
	<color name="themecolor_transparent">88FFA500</color>
	<color name="ICS_Blue_Text">ff33B5E5</color>
	<color name="ICS_Blue_Textures">ff0099CC</color>
	<color name="dialogheader">FF606060</color>
	<color name="labelheader">FFe5e5e5</color>
	<color name="shadow">AA000000</color>
</colors>