
<!--XXX MENU-->

<?xml version="1.0" encoding="UTF-8"?>
<window id="1101" type="window">
	<defaultcontrol always="false">6</defaultcontrol>
	<onload>SetProperty(Window.HasSettings,True,home)</onload>
	<onload>ClearProperty(MediaMenu,Home)</onload>
	<onunload>ClearProperty(Window.HasSettings,Home)</onunload>
	<include>DialogOpenCloseAnimation</include>
	<controls>
<!--BACKGROUND-->
		<control type="image">
			<description>background image</description>
			<left>0</left>
			<top>0</top>
			<width>1920</width>
			<height>1080</height>
			<texture colordiffuse="-"></texture>
		</control>
<!--TEST GRID BACKGROUND-->
		<control type="image">
			<description>test grid background image</description>
			<left>0</left>
			<top>0</top>
			<width>1920</width>
			<height>1080</height>
			<texture colordiffuse="">grid.png</texture>
			<visible>!Skin.HasSetting(disable.test.grid)</visible>
		</control>

<!--XXX MENU IMAGES-->
<!-- 		<control type="image">
			<description>kobra image</description>
			<animation effect="slide" tween="cubic" time="220" start="0,-1080" end="0,0">WindowOpen</animation>
			<animation effect="slide" tween="cubic" time="220" end="0,-1080" start="0,0">WindowClose</animation>
			<left>844</left>
			<top>30</top>
			<width>230</width>
			<height>230</height>
			<texture colordiffuse="">kobra.png</texture>
		</control>
		<control type="image">
			<description>XXX image</description>
			<animation effect="slide" tween="cubic" time="420" start="0,-1080" end="0,0">WindowOpen</animation>
			<animation effect="slide" tween="cubic" time="420" end="0,-1080" start="0,0">WindowClose</animation>
			<left>547</left>
			<top>210</top>
			<width>800</width>
			<height>246</height>
			<texture colordiffuse="">xxx.png</texture>
		</control> -->
		
<!--MENU ICON BACKGROUND IMAGE-->
<!-- 		<control type="image">
			<description>XXX image</description>
			<animation effect="slide" tween="cubic" time="420" start="0,-1080" end="0,0">WindowOpen</animation>
			<animation effect="slide" tween="cubic" time="420" end="0,-1080" start="0,0">WindowClose</animation>
			<left>0</left>
			<top>445</top>
			<width>1920</width>
			<height>590</height>
			<texture colordiffuse="">icon_background_image.png</texture>
		</control> -->	
<!------------------------------------------------------------->

<!--LEFT LIST-->

		<control type="grouplist" id="9000">
			<animation type="WindowClose" reversible="false">
				<effect type="slide" end="-1870" time="1240" />
				<effect type="fade" end="0" time="240" />
			</animation>
			<animation type="WindowOpen" reversible="false" condition="!Window.Previous(startup)">
				<effect type="slide" start="-1870" time="540"/>
				<effect type="fade" end="100" time="240"/>
			</animation>
			<animation type="WindowOpen" reversible="false" condition="Window.Previous(startup)">
				<effect type="slide" start="-1870" time="540"/>
				<effect type="fade" end="100" time="240"/>
			</animation>
			<orientation>Vertical</orientation>
			<left>194</left>
			<top>10</top>
			<width>1920</width>
			<height>1080</height>
			<itemgap>55</itemgap>
			<align>center</align>
			<control type="button" id="1">
				<description>Home Menu</description>
				<label>Home Menu</label>
				<font>XXX_Icons</font>
				<align>center</align>
				<textcolor>themecolor</textcolor>
				<focusedcolor>FFDDEBF0 </focusedcolor>
				<shadowcolor>ff000000</shadowcolor>
				<width>453</width>
				<height>277</height>
				<onleft>9000</onleft>
				<onright>6</onright>
				<onup>9000</onup>
				<ondown>9000</ondown>
				<textoffsetx>0</textoffsetx>
				<texturefocus border="">xxx_icons/home.png</texturefocus>
				<texturenofocus colordiffuse="grey3">xxx_icons/home.png</texturenofocus>
				<onfocus>-</onfocus>
				<onunfocus>-</onunfocus>
				<animation effect="zoom" start="98" end="104" center="auto" time="230" pulse="false" condition="true">focus</animation>
				<animation effect="zoom" start="104" end="100" center="auto" time="230" pulse="false" condition="true">UnFocus</animation>
				<pulseonselect>false</pulseonselect>
				<onclick>ActivateWindow(home,return)</onclick>
			</control>
			<control type="button" id="2">
				<description>Fantasi CC</description>
				<label>Fantasti CC</label>
				<font>XXX_Icons</font>
				<align>center</align>
				<textcolor>themecolor</textcolor>
				<focusedcolor>FFDDEBF0 </focusedcolor>
				<shadowcolor>ff000000</shadowcolor>
				<width>453</width>
				<height>277</height>
				<onleft>9000</onleft>
				<onright>7</onright>
				<onup>9000</onup>
				<ondown>9000</ondown>
				<textoffsetx>0</textoffsetx>
				<texturefocus border="">xxx_icons/media.png</texturefocus>
				<texturenofocus colordiffuse="grey3">xxx_icons/media.png</texturenofocus>
				<onfocus>-</onfocus>
				<onunfocus>-</onunfocus>
				<animation effect="zoom" start="98" end="104" center="auto" time="230" pulse="false" condition="true">focus</animation>
				<animation effect="zoom" start="104" end="100" center="auto" time="230" pulse="false" condition="true">UnFocus</animation>
				<pulseonselect>false</pulseonselect>
				<onclick>ActivateWindow(10001,"plugin://plugin.program.droid.buddy/?description&amp;mode=55&amp;name=%5bCOLOR%20dodgerblue%5dMovies%20and%20TV%20Shows%5b%2fCOLOR%5d&amp;url=http%3a%2f%2f",return)</onclick>
			</control>
			<control type="button" id="3">
				<description>Utimate Whitecream</description>
				<label>Utimate Whitecream</label>
				<font>XXX_Icons</font>
				<align>center</align>
				<textcolor>themecolor</textcolor>
				<focusedcolor>FFDDEBF0 </focusedcolor>
				<shadowcolor>ff000000</shadowcolor>
				<width>453</width>
				<height>277</height>
				<onleft>9000</onleft>
				<onright>8</onright>
				<onup>9000</onup>
				<ondown>9000</ondown>
				<textoffsetx>0</textoffsetx>
				<texturefocus border="">xxx_icons/uwc.png</texturefocus>
				<texturenofocus colordiffuse="grey3">xxx_icons/uwc.png</texturenofocus>
				<onfocus>-</onfocus>
				<onunfocus>-</onunfocus>
				<animation effect="zoom" start="98" end="104" center="auto" time="230" pulse="false" condition="true">focus</animation>
				<animation effect="zoom" start="104" end="100" center="auto" time="230" pulse="false" condition="true">UnFocus</animation>
				<pulseonselect>false</pulseonselect>
				<!--animation effect="zoom" start="100" end="89" center="auto" time="630" pulse="true" condition="true">Conditional</animation-->
				<onclick>ActivateWindow(10001,"plugin://plugin.program.droid.buddy/?description&amp;mode=54&amp;name=%5bCOLOR%20dodgerblue%5dLive%20TV%20and%20Sports%5b%2fCOLOR%5d&amp;url=http%3a%2f%2f",return)</onclick>
			</control>
<!-- 			<control type="button" id="4">
				<description>Youporn</description>
				<label>Youporn</label>
				<font>XXX_Icons</font>
				<align>center</align>
				<textcolor>themecolor</textcolor>
				<focusedcolor>FFDDEBF0 </focusedcolor>
				<shadowcolor>ff000000</shadowcolor>
				<width>453</width>
				<height>277</height>
				<onleft>9000</onleft>
				<onright>9</onright>
				<onup>9000</onup>
				<ondown>9000</ondown>
				<textoffsetx>0</textoffsetx>
				<texturefocus border="">icon2.png</texturefocus>
				<texturenofocus colordiffuse="grey3">icon2.png</texturenofocus>
				<onfocus>-</onfocus>
				<onunfocus>-</onunfocus>
				<animation effect="zoom" start="98" end="102" center="auto" time="230" pulse="false" condition="true">focus</animation>
				<pulseonselect>false</pulseonselect>
				<onclick>ActivateWindow(10001,"plugin://plugin.program.droid.buddy/?description&amp;mode=57&amp;name=%5bCOLOR%20dodgerblue%5dKids%5b%2fCOLOR%5d&amp;url=http%3a%2f%2f",return)</onclick>
			</control> -->
<!--  			<control type="button" id="5">
				<description>Adults Only</description>
				<label>Adults Only</label>
				<font>XXX_Icons</font>
				<align>center</align>
				<textcolor>themecolor</textcolor>
				<focusedcolor>FFDDEBF0 </focusedcolor>
				<shadowcolor>ff000000</shadowcolor>
				<width>453</width>
				<height>277</height>
				<onleft>9000</onleft>
				<onright>10</onright>
				<onup>9000</onup>
				<ondown>9000</ondown>
				<textoffsetx>0</textoffsetx>
				<texturefocus border="">icon2.png</texturefocus>
				<texturenofocus colordiffuse="grey3">icon2.png</texturenofocus>
				<onfocus>-</onfocus>
				<onunfocus>-</onunfocus>
				<animation effect="zoom" start="98" end="102" center="auto" time="230" pulse="false" condition="true">focus</animation>
				<pulseonselect>false</pulseonselect>
				<onclick>ActivateWindow(10001,"plugin://plugin.program.droid.buddy/?description&amp;mode=53&amp;name=%5bCOLOR%20dodgerblue%5dMusic%5b%2fCOLOR%5d&amp;url=http%3a%2f%2f",return)</onclick>
			</control> -->
		</control>

<!--CENTER LIST-->

		<control type="grouplist" id="19000">
			<orientation>Vertical</orientation>
			<animation effect="slide" tween="cubic" time="620" start="0,1080" end="0,0">WindowOpen</animation>
			<animation effect="slide" tween="cubic" time="620" end="0,1080" start="0,0">WindowClose</animation>
			<left>734</left>
			<top>10</top>
			<width>1920</width>
			<height>1080</height>
			<itemgap>55</itemgap>
			<align>center</align>
			<control type="button" id="6">
				<description>Just For Him</description>
				<label>Just For Him</label>
				<font>XXX_Icons</font>
				<align>center</align>
				<textcolor>themecolor</textcolor>
				<focusedcolor>FFDDEBF0 </focusedcolor>
				<shadowcolor>ff000000</shadowcolor>
				<width>453</width>
				<height>277</height>
				<onleft>1</onleft>
				<onright>11</onright>
				<onup>19000</onup>
				<ondown>19000</ondown>
				<textoffsetx>0</textoffsetx>
				<texturefocus border="">xxx_icons/home.png</texturefocus>
				<texturenofocus colordiffuse="grey3">xxx_icons/home.png</texturenofocus>
				<onfocus>-</onfocus>
				<onunfocus>-</onunfocus>
				<animation effect="zoom" start="98" end="104" center="auto" time="230" pulse="false" condition="true">focus</animation>
				<animation effect="zoom" start="104" end="100" center="auto" time="230" pulse="false" condition="true">UnFocus</animation>
				<pulseonselect>false</pulseonselect>
				<onclick>ActivateWindow(home,return)</onclick>
			</control>
			<control type="button" id="7">
				<description>Adult Hideout</description>
				<label>Adult Hideout</label>
				<font>XXX_Icons</font>
				<align>center</align>
				<textcolor>themecolor</textcolor>
				<focusedcolor>FFDDEBF0 </focusedcolor>
				<shadowcolor>ff000000</shadowcolor>
				<width>453</width>
				<height>277</height>
				<onleft>2</onleft>
				<onright>12</onright>
				<onup>19000</onup>
				<ondown>19000</ondown>
				<textoffsetx>0</textoffsetx>
				<texturefocus border="">xxx_icons/adult_hideout.png</texturefocus>
				<texturenofocus colordiffuse="grey3">xxx_icons/adult_hideout.png</texturenofocus>
				<onfocus>-</onfocus>
				<onunfocus>-</onunfocus>
				<animation effect="zoom" start="98" end="104" center="auto" time="230" pulse="false" condition="true">focus</animation>
				<animation effect="zoom" start="104" end="100" center="auto" time="230" pulse="false" condition="true">UnFocus</animation>
				<pulseonselect>false</pulseonselect>
				<onclick>ActivateWindow(10001,"plugin://plugin.program.droid.buddy/?description&amp;mode=51&amp;name=%5bCOLOR%20dodgerblue%5dKodi%20%26%20SPMC%5b%2fCOLOR%5d&amp;url=http%3a%2f%2f",return)</onclick>
			</control>
			<control type="button" id="8">
				<description>Korean XXX</description>
				<label>Korean XXX</label>
				<font>XXX_Icons</font>
				<align>center</align>
				<textcolor>themecolor</textcolor>
				<focusedcolor>FFDDEBF0</focusedcolor>
				<shadowcolor>ff000000</shadowcolor>
				<width>453</width>
				<height>277</height>
				<onleft>3</onleft>
				<onright>13</onright>
				<onup>19000</onup>
				<ondown>19000</ondown>
				<textoffsetx>0</textoffsetx>
				<texturefocus border="">xxx_icons/korean.png</texturefocus>
				<texturenofocus colordiffuse="grey3">xxx_icons/korean.png</texturenofocus>
				<onfocus>-</onfocus>
				<onunfocus>-</onunfocus>
				<animation effect="zoom" start="98" end="104" center="auto" time="230" pulse="false" condition="true">focus</animation>
				<animation effect="zoom" start="104" end="100" center="auto" time="230" pulse="false" condition="true">UnFocus</animation>
				<pulseonselect>false</pulseonselect>
				<onclick>StartAndroidActivity(,"android.settings.APPLICATION_SETTINGS")</onclick>
			</control> -->
<!-- 			<control type="button" id="9">
				<description>Erotik XXX</description>
				<label>Erotik XXX</label>
				<font>XXX_Icons</font>
				<align>center</align>
				<textcolor>themecolor</textcolor>
				<focusedcolor>FFDDEBF0 </focusedcolor>
				<shadowcolor>ff000000</shadowcolor>
				<width>453</width>
				<height>277</height>
				<onleft>4</onleft>
				<onright>14</onright>
				<onup>19000</onup>
				<ondown>19000</ondown>
				<textoffsetx>0</textoffsetx>
				<texturefocus border="">icon2.png</texturefocus>
				<texturenofocus colordiffuse="grey3">icon2.png</texturenofocus>
				<onfocus>-</onfocus>
				<onunfocus>-</onunfocus>
				<animation effect="zoom" start="98" end="102" center="auto" time="230" pulse="false" condition="true">focus</animation>
				<pulseonselect>false</pulseonselect>
				<onclick>ActivateWindow(10001,"plugin://plugin.program.droid.buddy/?description&amp;mode=52&amp;name=%5bCOLOR%20dodgerblue%5dTools%5b%2fCOLOR%5d&amp;url=http%3a%2f%2f",return)</onclick>
			</control> -->
<!--  			<control type="button" id="10">
				<description>You Jizz</description>
				<label>You Jizz</label>
				<font>XXX_Icons</font>
				<align>center</align>
				<textcolor>themecolor</textcolor>
				<focusedcolor>FFDDEBF0 </focusedcolor>
				<shadowcolor>ff000000</shadowcolor>
				<width>453</width>
				<height>277</height>
				<onleft>5</onleft>
				<onright>15</onright>
				<onup>19000</onup>
				<ondown>19000</ondown>
				<textoffsetx>0</textoffsetx>
				<texturefocus border="">icon2.png</texturefocus>
				<texturenofocus colordiffuse="grey3">icon2.png</texturenofocus>
				<onfocus>-</onfocus>
				<onunfocus>-</onunfocus>
				<animation effect="zoom" start="98" end="102" center="auto" time="230" pulse="false" condition="true">focus</animation>
				<pulseonselect>false</pulseonselect>
				<onclick>ActivateWindow(10001,"plugin://plugin.program.droid.buddy/?description&amp;mode=59&amp;name=%5bCOLOR%20dodgerblue%5dVpns%5b%2fCOLOR%5d&amp;url=http%3a%2f%2f",return)</onclick>
			</control> -->
		</control>

<!--RIGHT LIST-->

		<control type="grouplist" id="29000">
			<animation type="WindowClose" reversible="false">
				<effect type="slide" end="1870" time="1240" />
				<effect type="fade" end="0" time="240" />
			</animation>
			<animation type="WindowOpen" reversible="false" condition="!Window.Previous(startup)">
				<effect type="slide" start="1870" time="540"/>
				<effect type="fade" end="100" time="240"/>
			</animation>
			<animation type="WindowOpen" reversible="false" condition="Window.Previous(startup)">
				<effect type="slide" start="1870" time="540"/>
				<effect type="fade" end="100" time="240"/>
			</animation>
			<orientation>Vertical</orientation>
			<left>1274</left>
			<top>10</top>
			<width>1920</width>
			<height>1080</height>
			<itemgap>55</itemgap>
			<align>center</align>
			<control type="button" id="11">
				<description>XXX-O-Dus</description>
				<label>XXX-O-Dus</label>
				<font>XXX_Icons</font>
				<align>center</align>
				<aligny>center</aligny>
				<textcolor>themecolor</textcolor>
				<focusedcolor>FFDDEBF0 </focusedcolor>
				<shadowcolor>ff000000</shadowcolor>
				<width>453</width>
				<height>277</height>
				<onleft>6</onleft>
				<onright>29000</onright>
				<onup>29000</onup>
				<ondown>29000</ondown>
				<textoffsetx>0</textoffsetx>
				<texturefocus border="">xxx_icons/xxxodus.png</texturefocus>
				<texturenofocus colordiffuse="grey3">xxx_icons/xxxodus.png</texturenofocus>
				<onfocus>-</onfocus>
				<onunfocus>-</onunfocus>
				<animation effect="zoom" start="98" end="104" center="auto" time="230" pulse="false" condition="true">focus</animation>
				<animation effect="zoom" start="104" end="100" center="auto" time="230" pulse="false" condition="true">UnFocus</animation>
				<pulseonselect>false</pulseonselect>
				<onclick>ActivateWindow(10035,return)</onclick>
			</control>
			<control type="button" id="12">
				<description>Video Devil</description>
				<label>Video Devil</label>
				<font>XXX_Icons</font>
				<align>center</align>
				<textcolor>themecolor</textcolor>
				<focusedcolor>FFDDEBF0 </focusedcolor>
				<shadowcolor>ff000000</shadowcolor>
				<width>453</width>
				<height>277</height>
				<onleft>7</onleft>
				<onright>29000</onright>
				<onup>29000</onup>
				<ondown>29000</ondown>
				<textoffsetx>0</textoffsetx>
				<texturefocus border="">icon2.png</texturefocus>
				<texturenofocus colordiffuse="grey3">icon2.png</texturenofocus>
				<onfocus>-</onfocus>
				<onunfocus>-</onunfocus>
				<animation effect="zoom" start="98" end="104" center="auto" time="230" pulse="false" condition="true">focus</animation>
				<animation effect="zoom" start="104" end="100" center="auto" time="230" pulse="false" condition="true">UnFocus</animation>
				<pulseonselect>false</pulseonselect>
				<onclick>ActivateWindow(settings,return)</onclick>
			</control>
			<control type="button" id="13">
				<description>More Add-ons</description>
				<label>More >>></label>
				<font>XXX_Icons</font>
				<align>center</align>
				<textcolor>themecolor</textcolor>
				<focusedcolor>FFDDEBF0 </focusedcolor>
				<shadowcolor>ff000000</shadowcolor>
				<width>453</width>
				<height>277</height>
				<onleft>8</onleft>
				<onright>29000</onright>
				<onup>29000</onup>
				<ondown>29000</ondown>
				<textoffsetx>0</textoffsetx>
				<texturefocus border="">xxx_icons/adult_xxx.png</texturefocus>
				<texturenofocus colordiffuse="grey3">xxx_icons/adult_xxx.png</texturenofocus>
				<onfocus>-</onfocus>
				<onunfocus>-</onunfocus>
				<animation effect="zoom" start="98" end="104" center="auto" time="230" pulse="false" condition="true">focus</animation>
				<animation effect="zoom" start="104" end="100" center="auto" time="230" pulse="false" condition="true">UnFocus</animation>
				<pulseonselect>false</pulseonselect>
				<onclick>PlayMedia("plugin://plugin.program.droid.buddy/?url=http%3A%2F%2F&amp;mode=19&amp;name=%5BCOLOR+ff62d101%5DApp+Drawer%5B%2FCOLOR%5D&amp;description=")</onclick>
			</control>
<!-- 			<control type="button" id="13">
				<description>Empflix</description>
				<label>Empflix</label>
				<font>XXX_Icons</font>
				<align>center</align>
				<textcolor>themecolor</textcolor>
				<focusedcolor>FFDDEBF0 </focusedcolor>
				<shadowcolor>ff000000</shadowcolor>
				<width>453</width>
				<height>277</height>
				<onleft>8</onleft>
				<onright>29000</onright>
				<onup>29000</onup>
				<ondown>29000</ondown>
				<textoffsetx>0</textoffsetx>
				<texturefocus border="">icon2.png</texturefocus>
				<texturenofocus colordiffuse="grey3">icon2.png</texturenofocus>
				<onfocus>-</onfocus>
				<onunfocus>-</onunfocus>
				<animation effect="zoom" start="98" end="104" center="auto" time="230" pulse="false" condition="true">focus</animation>
				<animation effect="zoom" start="104" end="100" center="auto" time="230" pulse="false" condition="true">UnFocus</animation>
				<pulseonselect>false</pulseonselect>
				<onclick>PlayMedia("plugin://plugin.program.droid.buddy/?url=http%3A%2F%2F&amp;mode=19&amp;name=%5BCOLOR+ff62d101%5DApp+Drawer%5B%2FCOLOR%5D&amp;description=")</onclick>
			</control> -->
<!-- 			<control type="button" id="14">
				<description>Korean XXX</description>
				<label>Korean XXX</label>
				<font>XXX_Icons</font>
				<align>center</align>
				<textcolor>themecolor</textcolor>
				<focusedcolor>FFDDEBF0 </focusedcolor>
				<shadowcolor>ff000000</shadowcolor>
				<width>453</width>
				<height>277</height>
				<onleft>9</onleft>
				<onright>29000</onright>
				<onup>29000</onup>
				<ondown>29000</ondown>
				<textoffsetx>0</textoffsetx>
				<texturefocus border="">icon2.png</texturefocus>
				<texturenofocus colordiffuse="grey3">icon2.png</texturenofocus>
				<onfocus>-</onfocus>
				<onunfocus>-</onunfocus>
				<animation effect="zoom" start="98" end="102" center="auto" time="230" pulse="false" condition="true">focus</animation>
				<pulseonselect>false</pulseonselect>
				<onclick>StartAndroidActivity(,"android.settings.APPLICATION_SETTINGS")</onclick>
			</control> -->
<!--  			<control type="button" id="15">
				<description>Indecentes Voisines</description>
				<label>Indecentes Voisines</label>
				<font>XXX_Icons</font>
				<align>center</align>
				<textcolor>themecolor</textcolor>
				<focusedcolor>FFDDEBF0 </focusedcolor>
				<shadowcolor>ff000000</shadowcolor>
				<width>453</width>
				<height>277</height>
				<onleft>10</onleft>
				<onright>29000</onright>
				<onup>29000</onup>
				<ondown>29000</ondown>
				<textoffsetx>0</textoffsetx>
				<texturefocus border="">icon2.png</texturefocus>
				<texturenofocus colordiffuse="grey3">icon2.png</texturenofocus>
				<onfocus>-</onfocus>
				<onunfocus>-</onunfocus>
				<animation effect="zoom" start="98" end="102" center="auto" time="230" pulse="false" condition="true">focus</animation>
				<pulseonselect>false</pulseonselect>
				<onclick>ActivateWindow(10001,"plugin://plugin.program.droid.buddy/?description&amp;mode=9&amp;name=%5bCOLOR%20dodgerblue%5dAdult%5b%2fCOLOR%5d&amp;url=http%3a%2f%2f",return)</onclick>
			</control> -->
		</control>
	</controls>
</window>