<?xml version="1.0" encoding="utf-8"?>
<window id="1164">
	<defaultcontrol always="true">9000</defaultcontrol>
	<allowoverlay>no</allowoverlay>
	<onload>ClearProperty(HomeWidget,Home)</onload>
	<controls>
		<include>HomeBackground</include>
		<include condition="!Skin.HasSetting(disable.floor.image.home)">FloorImage1</include>
		<include>TestGrid</include>
		<include>KobraImage</include>
<!-- 		<include>TimeAndDate</include>
		<include>BatteryInfo</include>
		<include>NetworkInfo</include> -->
		<include condition="system.getbool(lookandfeel.enablerssfeeds) + Skin.HasSetting(Detach.RSS)">RSSFeedWidget</include>
		<include condition="system.getbool(lookandfeel.enablerssfeeds) + !Skin.HasSetting(Detach.RSS)">RSSFeedWidget2</include>
		<control type="group">
			<top>453</top>
			<depth>MaxDepth</depth>
			<animation effect="slide" end="0,338" time="320" tween="cubic" easing="inout" condition="Skin.HasSetting(lowermainmenu)">Conditional</animation>
			<animation type="WindowOpen" reversible="false" condition="Window.Previous(Startup)">
				<effect type="zoom" start="0" end="100" center="CenterWidth,CenterHeight" delay="500" time="300" tween="cubic" />
			</animation>
			<animation type="WindowOpen" reversible="false" condition="!Window.Previous(Startup)">
				<effect type="zoom" start="150" end="100" center="CenterWidth,CenterHeight" time="300" tween="cubic" />
				<effect type="fade" start="50" end="100" time="300" />
			</animation>
			<animation type="WindowClose" reversible="false">
				<effect type="fade" start="100" end="0" time="300" />
				<effect type="zoom" start="100" end="130" center="CenterWidth,CenterHeight" time="300" tween="cubic" easing="in" />
			</animation>
<!-- 			<control type="image">
				<width>102%</width>
				<height>225</height>
				<texture>homemenu_back.png</texture>
			</control> -->
			<!-- Main Menu (Includes_Home.xml) -->
			<include condition="Skin.HasSetting(HorizontalListNav)">MainMenuListFixed</include>
			<include condition="!Skin.HasSetting(HorizontalListNav)">MainMenuListWrapped</include>
		</control>
	</controls>
</window>