<?xml version="1.0" encoding="UTF-8"?>

<window id="1168" type="window">
	<defaultcontrol always="true">1</defaultcontrol>
	<controls>
		<control type="image">
			<description>Contact Background</description>
			<top></top>
			<width>1920</width>
			<height>1080</height>
			<texture>a.gif</texture>
			<animation effect="fade" time="1000" condition="true">WindowOpen</animation>
			<animation effect="fade" time="700" condition="true">WindowClose</animation>
		</control>
		<include>TestGrid</include>
		<control type="grouplist" id="9000">
			<description>Purchase VPN</description>
			<animation effect="slide" tween="cubic" time="1020" start="0,1080" end="0,0">WindowOpen</animation>
			<animation effect="slide" tween="cubic" time="1020" end="0,1080" start="0,0">WindowClose</animation>
			<orientation>Vertical</orientation>
			<left>250</left>
			<top>0</top>
			<width>1920</width>
			<height>1080</height>
			<onleft>9000</onleft>
			<onright>9001</onright>
			<onup>9000</onup>
			<ondown>9000</ondown>
			<itemgap>46</itemgap>
			<align>center</align>
			<control type="button" id="1">
				<description>Best Vpn Deals</description>
				<label></label>
				<font>XXX_Icons</font>
				<align>center</align>
				<textcolor>themecolor</textcolor>
				<focusedcolor>themecolor</focusedcolor>
				<shadowcolor>ff000000</shadowcolor>
				<width>420</width>
				<height>200</height>
				<textoffsetx>0</textoffsetx>
				<texturefocus border="20,20,20,20">vpn_images/bestvpn.png</texturefocus>
				<texturenofocus border="20,20,20,20" colordiffuse="grey3">vpn_images/bestvpn.png</texturenofocus>
				<onfocus>-</onfocus>
				<onunfocus>-</onunfocus>
				<animation effect="zoom" start="98" end="104" center="auto" time="230" pulse="false" condition="true">focus</animation>
				<animation effect="zoom" start="104" end="100" center="auto" time="230" pulse="false" condition="true">UnFocus</animation>
				<pulseonselect>true</pulseonselect>
				<onclick>noop</onclick>
			</control>
			<control type="button" id="2">
				<description>YouTube Button</description>
				<label></label>
				<font>XXX_Icons</font>
				<align>center</align>
				<textcolor>themecolor</textcolor>
				<focusedcolor>themecolor</focusedcolor>
				<shadowcolor>ff000000</shadowcolor>
				<width>420</width>
				<height>200</height>
				<textoffsetx>0</textoffsetx>
				<texturefocus border="20,20,20,20">contact_images/youtube.png</texturefocus>
				<texturenofocus border="20,20,20,20" colordiffuse="grey3">contact_images/youtube.png</texturenofocus>
				<onfocus>-</onfocus>
				<onunfocus>-</onunfocus>
				<animation effect="zoom" start="98" end="104" center="auto" time="230" pulse="false" condition="true">focus</animation>
				<animation effect="zoom" start="104" end="100" center="auto" time="230" pulse="false" condition="true">UnFocus</animation>
				<pulseonselect>true</pulseonselect>
				<onclick>RunAddon(plugin.program.youtube.contact)</onclick>
			</control>
			<control type="button" id="3">
				<description>Website Button</description>
				<label></label>
				<font>XXX_Icons</font>
				<align>center</align>
				<textcolor>themecolor</textcolor>
				<focusedcolor>themecolor</focusedcolor>
				<shadowcolor>ff000000</shadowcolor>
				<width>420</width>
				<height>200</height>
				<textoffsetx>0</textoffsetx>
				<texturefocus border="20,20,20,20">contact_images/website.png</texturefocus>
				<texturenofocus border="20,20,20,20" colordiffuse="grey3">contact_images/website.png</texturenofocus>
				<onfocus>-</onfocus>
				<onunfocus>-</onunfocus>
				<animation effect="zoom" start="98" end="104" center="auto" time="230" pulse="false" condition="true">focus</animation>
				<animation effect="zoom" start="104" end="100" center="auto" time="230" pulse="false" condition="true">UnFocus</animation>
				<pulseonselect>true</pulseonselect>
				<onclick>RunAddon(plugin.program.website.contact)</onclick>
			</control>
			<control type="button" id="4">
				<description>Home Button</description>
				<label></label>
				<font>XXX_Icons</font>
				<align>center</align>
				<textcolor>themecolor</textcolor>
				<focusedcolor>themecolor</focusedcolor>
				<shadowcolor>ff000000</shadowcolor>
				<width>420</width>
				<height>200</height>
				<textoffsetx>0</textoffsetx>
				<texturefocus border="20,20,20,20">contact_images/home.png</texturefocus>
				<texturenofocus border="20,20,20,20" colordiffuse="grey3">contact_images/home.png</texturenofocus>
				<onfocus>-</onfocus>
				<onunfocus>-</onunfocus>
				<animation effect="zoom" start="98" end="104" center="auto" time="230" pulse="false" condition="true">focus</animation>
				<animation effect="zoom" start="104" end="100" center="auto" time="230" pulse="false" condition="true">UnFocus</animation>
				<pulseonselect>true</pulseonselect>
				<onclick>ActivateWindow(home)</onclick>
			</control>
		</control>
		<control type="grouplist" id="9001">
			<description>Start VPN</description>
			<animation effect="slide" tween="cubic" time="1020" start="0,1080" end="0,0">WindowOpen</animation>
			<animation effect="slide" tween="cubic" time="1020" end="0,1080" start="0,0">WindowClose</animation>
			<orientation>Vertical</orientation>
			<left>750</left>
			<top>0</top>
			<width>1920</width>
			<height>1080</height>
			<onleft>9000</onleft>
			<onright>9002</onright>
			<onup>9000</onup>
			<ondown>9000</ondown>
			<itemgap>46</itemgap>
			<align>center</align>
			<control type="button" id="5">
				<description>FaceBook Button</description>
				<label></label>
				<font>XXX_Icons</font>
				<align>center</align>
				<textcolor>themecolor</textcolor>
				<focusedcolor>themecolor</focusedcolor>
				<shadowcolor>ff000000</shadowcolor>
				<width>420</width>
				<height>200</height>
				<textoffsetx>0</textoffsetx>
				<texturefocus border="20,20,20,20">contact_images/facebook.png</texturefocus>
				<texturenofocus border="20,20,20,20" colordiffuse="grey3">contact_images/facebook.png</texturenofocus>
				<onfocus>-</onfocus>
				<onunfocus>-</onunfocus>
				<animation effect="zoom" start="98" end="104" center="auto" time="230" pulse="false" condition="true">focus</animation>
				<animation effect="zoom" start="104" end="100" center="auto" time="230" pulse="false" condition="true">UnFocus</animation>
				<pulseonselect>true</pulseonselect>
				<onclick>RunAddon(plugin.program.facebook.contact)</onclick>
			</control>
			<control type="button" id="6">
				<description>YouTube Button</description>
				<label></label>
				<font>XXX_Icons</font>
				<align>center</align>
				<textcolor>themecolor</textcolor>
				<focusedcolor>themecolor</focusedcolor>
				<shadowcolor>ff000000</shadowcolor>
				<width>420</width>
				<height>200</height>
				<textoffsetx>0</textoffsetx>
				<texturefocus border="20,20,20,20">contact_images/youtube.png</texturefocus>
				<texturenofocus border="20,20,20,20" colordiffuse="grey3">contact_images/youtube.png</texturenofocus>
				<onfocus>-</onfocus>
				<onunfocus>-</onunfocus>
				<animation effect="zoom" start="98" end="104" center="auto" time="230" pulse="false" condition="true">focus</animation>
				<animation effect="zoom" start="104" end="100" center="auto" time="230" pulse="false" condition="true">UnFocus</animation>
				<pulseonselect>true</pulseonselect>
				<onclick>RunAddon(plugin.program.youtube.contact)</onclick>
			</control>
			<control type="button" id="7">
				<description>Website Button</description>
				<label></label>
				<font>XXX_Icons</font>
				<align>center</align>
				<textcolor>themecolor</textcolor>
				<focusedcolor>themecolor</focusedcolor>
				<shadowcolor>ff000000</shadowcolor>
				<width>420</width>
				<height>200</height>
				<textoffsetx>0</textoffsetx>
				<texturefocus border="20,20,20,20">contact_images/website.png</texturefocus>
				<texturenofocus border="20,20,20,20" colordiffuse="grey3">contact_images/website.png</texturenofocus>
				<onfocus>-</onfocus>
				<onunfocus>-</onunfocus>
				<animation effect="zoom" start="98" end="104" center="auto" time="230" pulse="false" condition="true">focus</animation>
				<animation effect="zoom" start="104" end="100" center="auto" time="230" pulse="false" condition="true">UnFocus</animation>
				<pulseonselect>true</pulseonselect>
				<onclick>RunAddon(plugin.program.website.contact)</onclick>
			</control>
			<control type="button" id="8">
				<description>Home Button</description>
				<label></label>
				<font>XXX_Icons</font>
				<align>center</align>
				<textcolor>themecolor</textcolor>
				<focusedcolor>themecolor</focusedcolor>
				<shadowcolor>ff000000</shadowcolor>
				<width>420</width>
				<height>200</height>
				<textoffsetx>0</textoffsetx>
				<texturefocus border="20,20,20,20">contact_images/home.png</texturefocus>
				<texturenofocus border="20,20,20,20" colordiffuse="grey3">contact_images/home.png</texturenofocus>
				<onfocus>-</onfocus>
				<onunfocus>-</onunfocus>
				<animation effect="zoom" start="98" end="104" center="auto" time="230" pulse="false" condition="true">focus</animation>
				<animation effect="zoom" start="104" end="100" center="auto" time="230" pulse="false" condition="true">UnFocus</animation>
				<pulseonselect>true</pulseonselect>
				<onclick>ActivateWindow(home)</onclick>
			</control>
		</control>
		<control type="grouplist" id="9002">
			<description>Purchase Other Useful Tools</description>
			<animation effect="slide" tween="cubic" time="1020" start="0,1080" end="0,0">WindowOpen</animation>
			<animation effect="slide" tween="cubic" time="1020" end="0,1080" start="0,0">WindowClose</animation>
			<orientation>Vertical</orientation>
			<left>1250</left>
			<top>0</top>
			<width>1920</width>
			<height>1080</height>
			<onleft>9001</onleft>
			<onright>9002</onright>
			<onup>9000</onup>
			<ondown>9000</ondown>
			<itemgap>46</itemgap>
			<align>center</align>
			<control type="button" id="9">
				<description>FaceBook Button</description>
				<label></label>
				<font>XXX_Icons</font>
				<align>center</align>
				<textcolor>themecolor</textcolor>
				<focusedcolor>themecolor</focusedcolor>
				<shadowcolor>ff000000</shadowcolor>
				<width>420</width>
				<height>200</height>
				<textoffsetx>0</textoffsetx>
				<texturefocus border="20,20,20,20">contact_images/facebook.png</texturefocus>
				<texturenofocus border="20,20,20,20" colordiffuse="grey3">contact_images/facebook.png</texturenofocus>
				<onfocus>-</onfocus>
				<onunfocus>-</onunfocus>
				<animation effect="zoom" start="98" end="104" center="auto" time="230" pulse="false" condition="true">focus</animation>
				<animation effect="zoom" start="104" end="100" center="auto" time="230" pulse="false" condition="true">UnFocus</animation>
				<pulseonselect>true</pulseonselect>
				<onclick>RunAddon(plugin.program.facebook.contact)</onclick>
			</control>
			<control type="button" id="10">
				<description>YouTube Button</description>
				<label></label>
				<font>XXX_Icons</font>
				<align>center</align>
				<textcolor>themecolor</textcolor>
				<focusedcolor>themecolor</focusedcolor>
				<shadowcolor>ff000000</shadowcolor>
				<width>420</width>
				<height>200</height>
				<textoffsetx>0</textoffsetx>
				<texturefocus border="20,20,20,20">contact_images/youtube.png</texturefocus>
				<texturenofocus border="20,20,20,20" colordiffuse="grey3">contact_images/youtube.png</texturenofocus>
				<onfocus>-</onfocus>
				<onunfocus>-</onunfocus>
				<animation effect="zoom" start="98" end="104" center="auto" time="230" pulse="false" condition="true">focus</animation>
				<animation effect="zoom" start="104" end="100" center="auto" time="230" pulse="false" condition="true">UnFocus</animation>
				<pulseonselect>true</pulseonselect>
				<onclick>RunAddon(plugin.program.youtube.contact)</onclick>
			</control>
			<control type="button" id="11">
				<description>Website Button</description>
				<label></label>
				<font>XXX_Icons</font>
				<align>center</align>
				<textcolor>themecolor</textcolor>
				<focusedcolor>themecolor</focusedcolor>
				<shadowcolor>ff000000</shadowcolor>
				<width>420</width>
				<height>200</height>
				<textoffsetx>0</textoffsetx>
				<texturefocus border="20,20,20,20">contact_images/website.png</texturefocus>
				<texturenofocus border="20,20,20,20" colordiffuse="grey3">contact_images/website.png</texturenofocus>
				<onfocus>-</onfocus>
				<onunfocus>-</onunfocus>
				<animation effect="zoom" start="98" end="104" center="auto" time="230" pulse="false" condition="true">focus</animation>
				<animation effect="zoom" start="104" end="100" center="auto" time="230" pulse="false" condition="true">UnFocus</animation>
				<pulseonselect>true</pulseonselect>
				<onclick>RunAddon(plugin.program.website.contact)</onclick>
			</control>
			<control type="button" id="12">
				<description>Home Button</description>
				<label></label>
				<font>XXX_Icons</font>
				<align>center</align>
				<textcolor>themecolor</textcolor>
				<focusedcolor>themecolor</focusedcolor>
				<shadowcolor>ff000000</shadowcolor>
				<width>420</width>
				<height>200</height>
				<textoffsetx>0</textoffsetx>
				<texturefocus border="20,20,20,20">contact_images/home.png</texturefocus>
				<texturenofocus border="20,20,20,20" colordiffuse="grey3">contact_images/home.png</texturenofocus>
				<onfocus>-</onfocus>
				<onunfocus>-</onunfocus>
				<animation effect="zoom" start="98" end="104" center="auto" time="230" pulse="false" condition="true">focus</animation>
				<animation effect="zoom" start="104" end="100" center="auto" time="230" pulse="false" condition="true">UnFocus</animation>
				<pulseonselect>true</pulseonselect>
				<onclick>ActivateWindow(home)</onclick>
			</control>
		</control>
	</controls>
</window>