<?xml version="1.0" encoding="UTF-8"?>

<window id="1169" type="window">
	<defaultcontrol always="true">2</defaultcontrol>

	<controls>
	<include>LoginScreenBackground</include>
	<include>BackgroundOverlayImage</include>
	<include>TestGrid</include>
	<include>KobraImage</include>
		

<!------------------------------------------------------------->
		

		<control type="grouplist" id="9000">
		<include>WindowOpenCloseCustom1</include>
			<orientation>Horizontal</orientation>
			<left>0</left>
			<top>442</top>
			<width>1920</width>
			<height>1080</height>
			<onleft>9000</onleft>
			<onright>9000</onright>
			<onup>9000</onup>
			<ondown>9000</ondown>
			<itemgap>46</itemgap>
			<align>center</align>
			<control type="button" id="2">
			<include>IconAnimation1</include>
				<description>Back Button</description>
				<label>Back</label>
				<font>XXX_Icons</font>
				<align>center</align>
				<textcolor>themecolor</textcolor>
				<focusedcolor>themecolor</focusedcolor>
				<shadowcolor>ff000000</shadowcolor>
				<width>443</width>
				<height>249</height>
				<onleft>1</onleft>
				<onright>11</onright>
				<onup>19000</onup>
				<ondown>19000</ondown>
				<textoffsetx>0</textoffsetx>
				<texturefocus border="">xxx_icons/home.png</texturefocus>
				<texturenofocus colordiffuse="grey3">xxx_icons/home.png</texturenofocus>
				<onfocus>-</onfocus>
				<onunfocus>-</onunfocus>
				<pulseonselect>false</pulseonselect>
				<onclick>ActivateWindow(loginscreen)</onclick>
			</control>
			<control type="button" id="3">
			<include>IconAnimation1</include>
				<description>Quit Button</description>
				<label>Quit</label>
				<font>XXX_Icons</font>
				<align>center</align>
				<textcolor>themecolor</textcolor>
				<focusedcolor>themecolor</focusedcolor>
				<shadowcolor>ff000000</shadowcolor>
				<width>443</width>
				<height>249</height>
				<onleft>1</onleft>
				<onright>11</onright>
				<onup>19000</onup>
				<ondown>19000</ondown>
				<textoffsetx>0</textoffsetx>
				<texturefocus border="">xxx_icons/exit.png</texturefocus>
				<texturenofocus colordiffuse="grey3">xxx_icons/exit.png</texturenofocus>
				<onfocus>-</onfocus>
				<onunfocus>-</onunfocus>
				<pulseonselect>false</pulseonselect>
				<onclick>Quit()</onclick>
			</control>
		</control>
	</controls>
</window>