
<!--XXX MENU-->

<?xml version="1.0" encoding="UTF-8"?>
<window id="1165" type="window">
	<defaultcontrol always="false">9000</defaultcontrol>
	<menucontrol>9051</menucontrol>
	<controls>
	<include>NetworkGif</include>
		<control type="image">
			<left>0</left>
			<top>0</top>
			<width>1920</width>
			<height>1080</height>
			<aspectratio>keep</aspectratio>
			<texture colordiffuse="grey3" border="40,40,40,40">a.gif</texture>
		</control>
		<include>TestGrid</include>
		<control type="group" id="50">
			<top>62</top>
			<include>WindowOpenCloseAnimation</include>
			<control type="image">
				<left>402</left>
				<top>112</top>
				<width>1116</width>
				<height>730</height>
				<aspectratio>stretch</aspectratio>
				<texture colordiffuse="grey3" border="40,40,40,40">dialog_box.png</texture>
			</control>
			<control type="label">
				<left>533</left>
				<top>130</top>
				<width>853</width>
				<height>90</height>
				<font>XXX_Icons</font>
				<label>NETWORK INFORMATION</label>
				<align>center</align>
				<textcolor>themecolor</textcolor>
			</control>
			<control type="list" id="9000">
				<left>533</left>
				<width>1920</width>
				<height>1080</height>
				<itemlayout width="930" height="50">
					<control type="label">
						<top>310</top>
						<width>853</width>
						<height>90</height>
						<font>XXX_Icons</font>
						<label>$INFO[ListItem.Label]</label>
						<align>center</align>
						<textcolor>silver</textcolor>
					</control>
				</itemlayout>
				<focusedlayout width="930" height="50">
					<control type="group">
						<control type="label">
							<top>310</top>
							<width>853</width>
							<height>90</height>
							<font>XXX_Icons</font>
							<label>$INFO[ListItem.Label]</label>
							<align>center</align>
							<textcolor>themecolor</textcolor>
						</control>
					</control>
				</focusedlayout>
				<content>
					<item>
						<label>Back Home</label>
						<onclick>ActivateWindow(home)</onclick>
						<icon>-</icon>
					</item>	
					<item>
						<label>[COLOR grey3]IP Address: [/COLOR]$INFO[Network.IPAddress]</label>
						<onclick>noop</onclick>
						<icon>-</icon>
					</item>
					<item>
						<label>[COLOR grey3]Network LinkState: [/COLOR]$INFO[Network.LinkState]</label>
						<onclick>noop</onclick>
						<icon>-</icon>
					</item>
					<item>
						<label>[COLOR grey3]Network MacAddress: [/COLOR]$INFO[Network.MacAddress]</label>
						<onclick>noop</onclick>
						<icon>-</icon>
					</item>
					<item>
						<label>[COLOR grey3]Network SubnetMask: [/COLOR]$INFO[Network.SubnetMask]</label>
						<onclick>noop</onclick>
						<icon>-</icon>
					</item>
					<item>
						<label>[COLOR grey3]Network GatewayAddress: [/COLOR]$INFO[Network.GatewayAddress]</label>
						<onclick>noop</onclick>
						<icon>-</icon>
					</item>
					<item>
						<label>[COLOR grey3]Network DNS1Address: [/COLOR]$INFO[Network.DNS1Address]</label>
						<onclick>noop</onclick>
						<icon>-</icon>
					</item>
					<item>
						<label>[COLOR grey3]Network DNS2Address: [/COLOR]$INFO[Network.DNS2Address]</label>
						<onclick>noop</onclick>
						<icon>-</icon>
					</item>
					<item>
						<label>[COLOR grey3]Network Connection Status: [/COLOR] $INFO[System.InternetState]</label>
						<onclick>noop</onclick>
						<icon>-</icon>
					</item>					
				</content>
			</control>
		</control>
	</controls>
</window>