<?xml version="1.0" encoding="UTF-8"?>
<window id="1170" type="window">
	<defaultcontrol always="true">9000</defaultcontrol>
	<controls>
		<include condition="Skin.HasSetting(Disable.multi.fanart.backgrounds)">SettingsMultiImageBackground</include>
		<include condition="!Skin.HasSetting(Disable.multi.fanart.backgrounds)">HomeBackground</include>
		<include>TestGrid</include>
		<include>Topbar</include>
		<include>FloorImage1</include>
		<control type="group">
			<top>128</top>
			<left>SettingsLeft</left>
			<include content="WindowOpenCloseAnimation">
				<param name="windowOpen" value="!Window.Previous(SettingsCategory.xml)" />
				<param name="windowClose" value="!Window.Next(SettingsCategory.xml)" />
			</include>
			<include>SystemLeftPanel</include>
			<control type="panel" id="9000">
				<left>82</left>
				<top>32</top>
				<width>356</width>
				<height>720</height>
				<onleft>9000</onleft>
				<onright>9010</onright>
				<onup>9000</onup>
				<ondown>9000</ondown>
				<pagecontrol />
				<scrolltime tween="quadratic" easing="out">200</scrolltime>
				<visible>!Window.IsActive(1121)</visible>
				<include>SettingsFadeAnimation</include>
				<itemlayout height="90" width="356">
					<control type="image">
						<top>30</top>
						<width>356</width>
						<height>60</height>
						<texture border="1">separator2.png</texture>
					</control>
					<control type="label">
						<width>356</width>
						<height>90</height>
						<font>font15</font>
						<textoffsetx>20</textoffsetx>
						<textcolor>grey2</textcolor>
						<selectedcolor>selected</selectedcolor>
						<align>center</align>
						<label>$INFO[ListItem.Label]</label>
					</control>
				</itemlayout>
				<focusedlayout height="90" width="356">
					<control type="image">
						<top>30</top>
						<width>356</width>
						<height>60</height>
						<texture border="1">separator2.png</texture>
					</control>
					<control type="image">
						<width>356</width>
						<height>90</height>
						<texture border="4">listselect_fo.png</texture>
						<visible>Control.HasFocus(9000)</visible>
						<include>VisibleFadeAnimation</include>
					</control>
					<control type="label">
						<width>356</width>
						<height>90</height>
						<font>font15</font>
						<textoffsetx>20</textoffsetx>
						<textcolor>white</textcolor>
						<selectedcolor>selected</selectedcolor>
						<align>center</align>
						<label>$INFO[ListItem.Label]</label>
						<animation effect="fade" start="100" end="70" time="300" tween="sine" easing="inout" condition="!Control.HasFocus(9000)">Conditional</animation>
					</control>
				</focusedlayout>
				<content>
					<item id="1">
						<label>Home Menu</label>
						<onclick>noop</onclick>
						<icon />
					</item>
					<item id="2">
						<label>Settings Menu</label>
						<onclick>noop</onclick>
						<icon />
					</item>
					<item id="3">
						<label>Login Screen</label>
						<onclick>noop</onclick>
						<icon />
					</item>
					<item id="4">
						<label>Adult Menu</label>
						<onclick>noop</onclick>
						<icon />
					</item>
				</content>
			</control>
			<control type="image">
				<description>LOGO</description>
				<left>82</left>
				<top>752</top>
				<width>356</width>
				<height>120</height>
				<aspectratio>keep</aspectratio>
				<texture>aeon-nox-logo1.png</texture>
			</control>
			<include>SystemRightPanel</include>
			<control type="image">
				<description>separator image</description>
				<left>522</left>
				<top>692</top>
				<width>1316</width>
				<height>60</height>
				<texture border="1">separator2.png</texture>
			</control>
			<control type="textbox">
				<description>description area</description>
				<left>552</left>
				<top>754</top>
				<width>1256</width>
				<height>120</height>
				<font>font15_textbox</font>
				<textcolor>grey2</textcolor>
				<label>$VAR[SkinSettingsDescriptionVar]</label>
				<autoscroll time="3000" delay="4000" repeat="5000">true</autoscroll>
				<animation effect="fade" start="0" end="100" time="300" tween="sine" easing="inout">Visible</animation>
				<animation effect="fade" start="100" end="0" time="0" tween="sine" easing="inout">Hidden</animation>
				<visible>!Window.IsActive(1121)</visible>
			</control>
			<control type="group" id="9010">
				<visible>!Window.IsActive(1121)</visible>
				<include>SettingsFadeAnimation</include>
				<control type="grouplist" id="9001">
					<description>HOME BACKGROUND PATH SETTINGS</description>
					<left>522</left>
					<top>32</top>
					<width>1316</width>
					<height>720</height>
					<pagecontrol>60</pagecontrol>
					<onleft>9000</onleft>
					<onright>9001</onright>
					<onup>9001</onup>
					<ondown>9001</ondown>
					<visible>Container(9000).HasFocus(1)</visible>
					<control type="label" id="182">
						<width>1316</width>
						<height>90</height>
						<textoffsetx>30</textoffsetx>
						<font>font15</font>
						<label>[COLOR themecolor]HOME MENU BACKGROUND IMAGE[/COLOR]</label>
						<texturenofocus border="1">separator5.png</texturenofocus>
					</control>
					<control type="label" id="183">
						<width>1316</width>
						<height>90</height>
						<textoffsetx>30</textoffsetx>
						<font>font15</font>
						<label>[COLOR themecolor]-------------------------------------------------------------------------------------------------------------------------------------------[/COLOR]</label>
						<texturenofocus border="1">separator5.png</texturenofocus>
					</control>
					<control type="radiobutton" id="201">
						<width>1316</width>
						<height>90</height>
						<textoffsetx>30</textoffsetx>
						<font>font15</font>
						<label>Enable/Disable Multi Fanart Backgrounds</label>
						<onclick>Skin.ToggleSetting(Disable.multi.fanart.backgrounds)</onclick>
						<selected>Skin.HasSetting(Disable.multi.fanart.backgrounds)</selected>
						<texturenofocus border="1">separator5.png</texturenofocus>
					</control>
					<control type="button" id="202">
						<width>1316</width>
						<height>90</height>
						<textoffsetx>30</textoffsetx>
						<font>font15</font>
						<label>[COLOR themecolor]Current Image Path |[/COLOR]</label>
						<label2>[COLOR ghostwhite]$INFO[Skin.String(MultiImageBackground)][/COLOR]</label2>
						<texturenofocus border="1">separator5.png</texturenofocus>
						<visible>Skin.HasSetting(Disable.multi.fanart.backgrounds)</visible>
					</control>
					<control type="button" id="203">
						<width>1316</width>
						<height>90</height>
						<textoffsetx>30</textoffsetx>
						<font>font15</font>
						<label>Reset Multi Fanart Image Path</label>
						<onclick>Skin.Reset(MultiImageBackground)</onclick>
						<texturenofocus border="1">separator5.png</texturenofocus>
						<visible>Skin.HasSetting(Disable.multi.fanart.backgrounds)</visible>
					</control>
					<control type="button" id="204">
						<width>1316</width>
						<height>90</height>
						<textoffsetx>30</textoffsetx>
						<font>font15</font>
						<label>[COLOR themecolor]Current Image Path |[/COLOR] $INFO[Skin.String(homeBG)]</label>
						<texturenofocus border="1">separator5.png</texturenofocus>
						<visible>!Skin.HasSetting(Disable.multi.fanart.backgrounds)</visible>
<!-- 						<visible>!String.IsEmpty(Skin.String(homeBG))</visible> -->
					</control>
					<control type="button" id="205">
						<width>1316</width>
						<height>90</height>
						<textoffsetx>30</textoffsetx>
						<font>font15</font>
						<label>Reset Single Fanart Image Path</label>
						<onclick>Skin.Reset(homeBG)</onclick>
						<texturenofocus border="1">separator5.png</texturenofocus>
						<visible>!Skin.HasSetting(Disable.multi.fanart.backgrounds)</visible>
<!-- 						<visible>!String.IsEmpty(Skin.String(homeBG))</visible> -->
					</control>
					<control type="button" id="206">
						<width>1316</width>
						<height>90</height>
						<textoffsetx>30</textoffsetx>
						<font>font15</font>
						<label>Set Custom Path</label>
						<onclick>Skin.SetImage(homeBG)</onclick>
						<texturenofocus border="1">separator5.png</texturenofocus>
						<visible>!Skin.HasSetting(Disable.multi.fanart.backgrounds)</visible>
					</control>
					<control type="button" id="207">
						<width>1316</width>
						<height>90</height>
						<textoffsetx>30</textoffsetx>
						<font>font15</font>
						<label>Set Custom URL</label>
						<onclick>Skin.SetString(homeBG)</onclick>
						<texturenofocus border="1">separator5.png</texturenofocus>
						<visible>!Skin.HasSetting(Disable.multi.fanart.backgrounds)</visible>
					</control>
					<control type="button" id="208">
						<width>1316</width>
						<height>90</height>
						<textoffsetx>30</textoffsetx>
						<font>font15</font>
						<label>Set Multi Fanart Background Folder Path</label>
						<onclick>Skin.SetPath(MultiImageBackground)</onclick>
						<texturenofocus border="1">separator5.png</texturenofocus>
						<visible>Skin.HasSetting(Disable.multi.fanart.backgrounds)</visible>
					</control>
					<control type="button" id="209">
						<width>1316</width>
						<height>90</height>
						<textoffsetx>30</textoffsetx>
						<font>font15</font>
						<label>Set Original Kobra XXX Backgrounds</label>
						<onclick>Skin.SetString(MultiImageBackground,http://kodicustombuilds.com/adult/Backgrounds/Original_Kobra_XXX_Backgrounds/)</onclick>
						<texturenofocus border="1">separator5.png</texturenofocus>
						<visible>Skin.HasSetting(Disable.multi.fanart.backgrounds)</visible>
					</control>
					<control type="button" id="210">
						<width>1316</width>
						<height>90</height>
						<textoffsetx>30</textoffsetx>
						<font>font15</font>
						<label>Set Multi Fanart Background Folder Custom URL</label>
						<onclick>Skin.SetString(MultiImageBackground)</onclick>
						<texturenofocus border="1">separator5.png</texturenofocus>
						<visible>Skin.HasSetting(Disable.multi.fanart.backgrounds)</visible>
					</control>
					<control type="button" id="211">
						<width>1316</width>
						<height>90</height>
						<textoffsetx>30</textoffsetx>
						<font>font15</font>
						<label>Set Home Menu Background (pack 1)</label>
						<onclick>Skin.SetImage(homeBG,https://jorge.fbarr.net/files/wallpaper/,path)</onclick>
						<texturenofocus border="1">separator5.png</texturenofocus>
						<visible>!Skin.HasSetting(Disable.multi.fanart.backgrounds)</visible>
					</control>
					<control type="button" id="212">
						<width>1316</width>
						<height>90</height>
						<textoffsetx>30</textoffsetx>
						<font>font15</font>
						<label>Set Home Menu Background (pack 2)</label>
						<onclick>Skin.SetImage(homeBG,http://www.wallpapersdb.org/wallpapers/3d/,path)</onclick>
						<texturenofocus border="1">separator5.png</texturenofocus>
						<visible>!Skin.HasSetting(Disable.multi.fanart.backgrounds)</visible>
					</control>
					<control type="button" id="213">
						<width>1316</width>
						<height>90</height>
						<textoffsetx>30</textoffsetx>
						<font>font15</font>
						<label>Set Home Menu Background (pack 3)</label>
						<onclick>Skin.SetImage(homeBG,http://davidszervereiinfo.pe.hu/wallpapers/,path)</onclick>
						<texturenofocus border="1">separator5.png</texturenofocus>
						<visible>!Skin.HasSetting(Disable.multi.fanart.backgrounds)</visible>
					</control>
					<control type="button" id="214">
						<width>1316</width>
						<height>90</height>
						<textoffsetx>30</textoffsetx>
						<font>font15</font>
						<label>Set Home Menu Background (pack 4)</label>
						<onclick>Skin.SetImage(homeBG,http://www.myway.de/mr2-passion/4K%20Wallpaper/,path)</onclick>
						<texturenofocus border="1">separator5.png</texturenofocus>
						<visible>!Skin.HasSetting(Disable.multi.fanart.backgrounds)</visible>						
					</control>
					<control type="button" id="215">
						<width>1316</width>
						<height>90</height>
						<textoffsetx>30</textoffsetx>
						<font>font15</font>
						<label>Set Home Menu Background (pack 5)</label>
						<onclick>Skin.SetImage(homeBG,http://kodicustombuilds.com/adult/Backgrounds/,path)</onclick>
						<texturenofocus border="1">separator5.png</texturenofocus>
						<visible>!Skin.HasSetting(Disable.multi.fanart.backgrounds)</visible>
					</control>
					<control type="button" id="216">
						<width>1316</width>
						<height>90</height>
						<textoffsetx>30</textoffsetx>
						<font>font15</font>
						<label>Set Original Kobra XXX Backgrounds</label>
						<onclick>Skin.SetImage(homeBG,http://kodicustombuilds.com/adult/Backgrounds/Original_Kobra_XXX_Backgrounds/,path)</onclick>
						<texturenofocus border="1">separator5.png</texturenofocus>
						<visible>!Skin.HasSetting(Disable.multi.fanart.backgrounds)</visible>
					</control>
				</control>
				<control type="grouplist" id="9008">
					<description>SETTINGS BACKGROUND PATH MENU</description>
					<left>522</left>
					<top>32</top>
					<width>1316</width>
					<height>720</height>
					<pagecontrol>60</pagecontrol>
					<onleft>9000</onleft>
					<onright>60</onright>
					<onup>9008</onup>
					<ondown>9008</ondown>
					<visible>Container(9000).HasFocus(2)</visible>
					<control type="label" id="217">
						<width>1316</width>
						<height>90</height>
						<textoffsetx>30</textoffsetx>
						<font>font15</font>
						<label>[COLOR themecolor]SETTINGS MENU BACKGROUND IMAGE[/COLOR]</label>
						<texturenofocus border="1">separator5.png</texturenofocus>
					</control>
					<control type="label" id="218">
						<width>1316</width>
						<height>90</height>
						<textoffsetx>30</textoffsetx>
						<font>font15</font>
						<label>[COLOR themecolor]-------------------------------------------------------------------------------------------------------------------------------------------[/COLOR]</label>
						<texturenofocus border="1">separator5.png</texturenofocus>
					</control>
					<control type="radiobutton" id="219">
						<width>1316</width>
						<height>90</height>
						<textoffsetx>30</textoffsetx>
						<font>font15</font>
						<label>Enable/Disable Multi Fanart Backgrounds</label>
						<onclick>Skin.ToggleSetting(Disable.multi.fanart.backgrounds.settings)</onclick>
						<selected>Skin.HasSetting(Disable.multi.fanart.backgrounds.settings)</selected>
						<texturenofocus border="1">separator5.png</texturenofocus>
					</control>
					<control type="button" id="220">
						<width>1316</width>
						<height>90</height>
						<textoffsetx>30</textoffsetx>
						<font>font15</font>
						<label>[COLOR themecolor]Current Image Path |[/COLOR]</label>
						<label2>[COLOR ghostwhite]$INFO[Skin.String(SettingsMultiImageBackground)][/COLOR]</label2>
						<texturenofocus border="1">separator5.png</texturenofocus>
						<visible>Skin.HasSetting(Disable.multi.fanart.backgrounds.settings)</visible>
					</control>
					<control type="button" id="221">
						<width>1316</width>
						<height>90</height>
						<textoffsetx>30</textoffsetx>
						<font>font15</font>
						<label>Reset Multi Fanart Image Path</label>
						<onclick>Skin.Reset(SettingsMultiImageBackground)</onclick>
						<texturenofocus border="1">separator5.png</texturenofocus>
						<visible>Skin.HasSetting(Disable.multi.fanart.backgrounds.settings)</visible>
					</control>
					<control type="button" id="222">
						<width>1316</width>
						<height>90</height>
						<textoffsetx>30</textoffsetx>
						<font>font15</font>
						<label>Set Multi Fanart Background Path</label>
						<onclick>Skin.SetPath(SettingsMultiImageBackground,http://www.wallpapersdb.org/wallpapers/3d/,path)</onclick>
						<texturenofocus border="1">separator5.png</texturenofocus>
						<visible>Skin.HasSetting(Disable.multi.fanart.backgrounds.settings)</visible>
					</control>
					<control type="button" id="223">
						<width>1316</width>
						<height>90</height>
						<textoffsetx>30</textoffsetx>
						<font>font15</font>
						<label>Set Original Kobra XXX Backgrounds</label>
						<onclick>Skin.SetString(SettingsMultiImageBackground,http://kodicustombuilds.com/adult/Backgrounds/Original_Kobra_XXX_Backgrounds/)</onclick>
						<texturenofocus border="1">separator5.png</texturenofocus>
						<visible>Skin.HasSetting(Disable.multi.fanart.backgrounds.settings)</visible>
					</control>
					<control type="button" id="224">
						<width>1316</width>
						<height>90</height>
						<textoffsetx>30</textoffsetx>
						<font>font15</font>
						<label>[COLOR themecolor]Current Image Path |[/COLOR] $INFO[Skin.String(settingsBG)]</label>
						<texturenofocus border="1">separator5.png</texturenofocus>
						<visible>!Skin.HasSetting(Disable.multi.fanart.backgrounds.settings)</visible>
					</control>
					<control type="button" id="225">
						<width>1316</width>
						<height>90</height>
						<textoffsetx>30</textoffsetx>
						<font>font15</font>
						<label>Reset Single Fanart Image Path</label>
						<onclick>Skin.Reset(settingsBG)</onclick>
						<texturenofocus border="1">separator5.png</texturenofocus>
						<visible>!Skin.HasSetting(Disable.multi.fanart.backgrounds.settings)</visible>
					</control>
					<control type="button" id="226">
						<width>1316</width>
						<height>90</height>
						<textoffsetx>30</textoffsetx>
						<font>font15</font>
						<label>Settings Menu Background (pack 1)</label>
						<onclick>Skin.SetImage(settingsBG,https://jorge.fbarr.net/files/wallpaper/,path)</onclick>
						<texturenofocus border="1">separator5.png</texturenofocus>
						<visible>!Skin.HasSetting(Disable.multi.fanart.backgrounds.settings)</visible>
					</control>
					<control type="button" id="227">
						<width>1316</width>
						<height>90</height>
						<textoffsetx>30</textoffsetx>
						<font>font15</font>
						<label>Setttings Menu Background (pack 2)</label>
						<onclick>Skin.SetImage(settingsBG,http://www.wallpapersdb.org/wallpapers/3d/,path)</onclick>
						<texturenofocus border="1">separator5.png</texturenofocus>
						<visible>!Skin.HasSetting(Disable.multi.fanart.backgrounds.settings)</visible>
					</control>
					<control type="button" id="228">
						<width>1316</width>
						<height>90</height>
						<textoffsetx>30</textoffsetx>
						<font>font15</font>
						<label>Setttings Menu Background (pack 3)</label>
						<onclick>Skin.SetImage(settingsBG,http://davidszervereiinfo.pe.hu/wallpapers/,path)</onclick>
						<texturenofocus border="1">separator5.png</texturenofocus>
						<visible>!Skin.HasSetting(Disable.multi.fanart.backgrounds.settings)</visible>
					</control>
					<control type="button" id="229">
						<width>1316</width>
						<height>90</height>
						<textoffsetx>30</textoffsetx>
						<font>font15</font>
						<label>Setttings Menu Background (pack 4)</label>
						<onclick>Skin.SetImage(settingsBG,http://www.myway.de/mr2-passion/4K%20Wallpaper/,path)</onclick>
						<texturenofocus border="1">separator5.png</texturenofocus>
						<visible>!Skin.HasSetting(Disable.multi.fanart.backgrounds.settings)</visible>						
					</control>
					<control type="button" id="230">
						<width>1316</width>
						<height>90</height>
						<textoffsetx>30</textoffsetx>
						<font>font15</font>
						<label>Settings Menu Background (pack 5)</label>
						<onclick>Skin.SetImage(settingsBG,http://kodicustombuilds.com/adult/Backgrounds/,path)</onclick>
						<texturenofocus border="1">separator5.png</texturenofocus>
						<visible>!Skin.HasSetting(Disable.multi.fanart.backgrounds.settings)</visible>
					</control>
					<control type="button" id="231">
						<width>1316</width>
						<height>90</height>
						<textoffsetx>30</textoffsetx>
						<font>font15</font>
						<label>Set Original Kobra XXX Backgrounds</label>
						<onclick>Skin.SetImage(settingsBG,http://kodicustombuilds.com/adult/Backgrounds/Original_Kobra_XXX_Backgrounds/,path)</onclick>
						<texturenofocus border="1">separator5.png</texturenofocus>
						<visible>!Skin.HasSetting(Disable.multi.fanart.backgrounds.settings)</visible>
					</control>
					<control type="button" id="232">
						<width>1316</width>
						<height>90</height>
						<textoffsetx>30</textoffsetx>
						<font>font15</font>
						<label>Set Custom Path</label>
						<onclick>Skin.SetImage(settingsBG)</onclick>
						<texturenofocus border="1">separator5.png</texturenofocus>
						<visible>!Skin.HasSetting(Disable.multi.fanart.backgrounds.settings)</visible>
					</control>
				</control>
				<control type="grouplist" id="9012">
					<description>LOGIN BACKGROUND PATH MENU</description>
					<left>522</left>
					<top>32</top>
					<width>1316</width>
					<height>720</height>
					<pagecontrol>60</pagecontrol>
					<onleft>9000</onleft>
					<onright>60</onright>
					<onup>9012</onup>
					<ondown>9012</ondown>
					<visible>Container(9000).HasFocus(3)</visible>
					<control type="label" id="233">
						<width>1316</width>
						<height>90</height>
						<textoffsetx>30</textoffsetx>
						<font>font15</font>
						<label>[COLOR themecolor]LOGIN MENU BACKGROUND IMAGE[/COLOR]</label>
						<texturenofocus border="1">separator5.png</texturenofocus>
					</control>
					<control type="label" id="234">
						<width>1316</width>
						<height>90</height>
						<textoffsetx>30</textoffsetx>
						<font>font15</font>
						<label>[COLOR themecolor]-------------------------------------------------------------------------------------------------------------------------------------------[/COLOR]</label>
						<texturenofocus border="1">separator5.png</texturenofocus>
					</control>
					<control type="button" id="235">
						<width>1316</width>
						<height>90</height>
						<textoffsetx>30</textoffsetx>
						<font>font15</font>
						<label>[COLOR themecolor]Current Image Path |[/COLOR] $INFO[Skin.String(loginBG)]</label>
						<texturenofocus border="1">separator5.png</texturenofocus>
<!-- 						<visible>!String.IsEmpty(Skin.String(homeBG))</visible> -->
					</control>
					<control type="button" id="236">
						<width>1316</width>
						<height>90</height>
						<textoffsetx>30</textoffsetx>
						<font>font15</font>
						<label>Reset Image Path</label>
						<onclick>Skin.Reset(loginBG)</onclick>
						<texturenofocus border="1">separator5.png</texturenofocus>
<!-- 						<visible>!String.IsEmpty(Skin.String(homeBG))</visible> -->
					</control>
					<control type="button" id="237">
						<width>1316</width>
						<height>90</height>
						<textoffsetx>30</textoffsetx>
						<font>font15</font>
						<label>Set Custom Path</label>
						<onclick>Skin.SetImage(loginBG)</onclick>
						<texturenofocus border="1">separator5.png</texturenofocus>
						<visible>!Skin.HasSetting(Disable.multi.fanart.backgrounds)</visible>
					</control>
					<control type="button" id="238">
						<width>1316</width>
						<height>90</height>
						<textoffsetx>30</textoffsetx>
						<font>font15</font>
						<label>Set Custom URL</label>
						<onclick>Skin.SetString(loginBG)</onclick>
						<texturenofocus border="1">separator5.png</texturenofocus>
					</control>
					<control type="button" id="139">
						<width>1316</width>
						<height>90</height>
						<textoffsetx>30</textoffsetx>
						<font>font15</font>
						<label>Set Home Menu Background (pack 1)</label>
						<onclick>Skin.SetImage(loginBG,https://jorge.fbarr.net/files/wallpaper/,path)</onclick>
						<texturenofocus border="1">separator5.png</texturenofocus>
					</control>
					<control type="button" id="240">
						<width>1316</width>
						<height>90</height>
						<textoffsetx>30</textoffsetx>
						<font>font15</font>
						<label>Set Home Menu Background (pack 2)</label>
						<onclick>Skin.SetImage(loginBG,http://www.wallpapersdb.org/wallpapers/3d/,path)</onclick>
						<texturenofocus border="1">separator5.png</texturenofocus>
					</control>
					<control type="button" id="241">
						<width>1316</width>
						<height>90</height>
						<textoffsetx>30</textoffsetx>
						<font>font15</font>
						<label>Set Home Menu Background (pack 3)</label>
						<onclick>Skin.SetImage(loginBG,http://davidszervereiinfo.pe.hu/wallpapers/,path)</onclick>
						<texturenofocus border="1">separator5.png</texturenofocus>
					</control>
					<control type="button" id="242">
						<width>1316</width>
						<height>90</height>
						<textoffsetx>30</textoffsetx>
						<font>font15</font>
						<label>Set Home Menu Background (pack 4)</label>
						<onclick>Skin.SetImage(homeBG,http://www.myway.de/mr2-passion/4K%20Wallpaper/,path)</onclick>
						<texturenofocus border="1">separator5.png</texturenofocus>
						<visible>!Skin.HasSetting(Disable.multi.fanart.backgrounds)</visible>						
					</control>
					<control type="button" id="242">
						<width>1316</width>
						<height>90</height>
						<textoffsetx>30</textoffsetx>
						<font>font15</font>
						<label>Set Home Menu Background (pack 5)</label>
						<onclick>Skin.SetImage(loginBG,http://kodicustombuilds.com/adult/Backgrounds/,path)</onclick>
						<texturenofocus border="1">separator5.png</texturenofocus>
					</control>
					<control type="button" id="243">
						<width>1316</width>
						<height>90</height>
						<textoffsetx>30</textoffsetx>
						<font>font15</font>
						<label>Set Original Kobra XXX Backgrounds</label>
						<onclick>Skin.SetImage(loginBG,http://kodicustombuilds.com/adult/Backgrounds/Original_Kobra_XXX_Backgrounds/,path)</onclick>
						<texturenofocus border="1">separator5.png</texturenofocus>
					</control>
				</control>
				<control type="grouplist" id="9001">
					<description>ADULT BACKGROUND PATH SETTINGS</description>
					<left>522</left>
					<top>32</top>
					<width>1316</width>
					<height>720</height>
					<pagecontrol>60</pagecontrol>
					<onleft>9000</onleft>
					<onright>9001</onright>
					<onup>9001</onup>
					<ondown>9001</ondown>
					<visible>Container(9000).HasFocus(4)</visible>
					<control type="label" id="244">
						<width>1316</width>
						<height>90</height>
						<textoffsetx>30</textoffsetx>
						<font>font15</font>
						<label>[COLOR themecolor]ADULT MENU BACKGROUND IMAGE[/COLOR]</label>
						<texturenofocus border="1">separator5.png</texturenofocus>
					</control>
					<control type="label" id="245">
						<width>1316</width>
						<height>90</height>
						<textoffsetx>30</textoffsetx>
						<font>font15</font>
						<label>[COLOR themecolor]-------------------------------------------------------------------------------------------------------------------------------------------[/COLOR]</label>
						<texturenofocus border="1">separator5.png</texturenofocus>
					</control>
					<control type="radiobutton" id="246">
						<width>1316</width>
						<height>90</height>
						<textoffsetx>30</textoffsetx>
						<font>font15</font>
						<label>Enable/Disable Multi Fanart Backgrounds</label>
						<onclick>Skin.ToggleSetting(Disable.multi.fanart.backgrounds)</onclick>
						<selected>Skin.HasSetting(Disable.multi.fanart.backgrounds)</selected>
						<texturenofocus border="1">separator5.png</texturenofocus>
					</control>
					<control type="button" id="247">
						<width>1316</width>
						<height>90</height>
						<textoffsetx>30</textoffsetx>
						<font>font15</font>
						<label>[COLOR themecolor]Current Image Path |[/COLOR]</label>
						<label2>[COLOR ghostwhite]$INFO[Skin.String(MultiImageBackground)][/COLOR]</label2>
						<texturenofocus border="1">separator5.png</texturenofocus>
						<visible>Skin.HasSetting(Disable.multi.fanart.backgrounds)</visible>
					</control>
					<control type="button" id="248">
						<width>1316</width>
						<height>90</height>
						<textoffsetx>30</textoffsetx>
						<font>font15</font>
						<label>Reset Multi Fanart Image Path</label>
						<onclick>Skin.Reset(MultiImageBackground)</onclick>
						<texturenofocus border="1">separator5.png</texturenofocus>
						<visible>Skin.HasSetting(Disable.multi.fanart.backgrounds)</visible>
					</control>
					<control type="button" id="249">
						<width>1316</width>
						<height>90</height>
						<textoffsetx>30</textoffsetx>
						<font>font15</font>
						<label>[COLOR themecolor]Current Image Path |[/COLOR] $INFO[Skin.String(homeBG)]</label>
						<texturenofocus border="1">separator5.png</texturenofocus>
						<visible>!Skin.HasSetting(Disable.multi.fanart.backgrounds)</visible>
<!-- 						<visible>!String.IsEmpty(Skin.String(homeBG))</visible> -->
					</control>
					<control type="button" id="250">
						<width>1316</width>
						<height>90</height>
						<textoffsetx>30</textoffsetx>
						<font>font15</font>
						<label>Reset Single Fanart Image Path</label>
						<onclick>Skin.Reset(homeBG)</onclick>
						<texturenofocus border="1">separator5.png</texturenofocus>
						<visible>!Skin.HasSetting(Disable.multi.fanart.backgrounds)</visible>
<!-- 						<visible>!String.IsEmpty(Skin.String(homeBG))</visible> -->
					</control>
					<control type="button" id="251">
						<width>1316</width>
						<height>90</height>
						<textoffsetx>30</textoffsetx>
						<font>font15</font>
						<label>Set Custom Path</label>
						<onclick>Skin.SetImage(homeBG)</onclick>
						<texturenofocus border="1">separator5.png</texturenofocus>
						<visible>!Skin.HasSetting(Disable.multi.fanart.backgrounds)</visible>
					</control>
					<control type="button" id="252">
						<width>1316</width>
						<height>90</height>
						<textoffsetx>30</textoffsetx>
						<font>font15</font>
						<label>Set Custom URL</label>
						<onclick>Skin.SetString(homeBG)</onclick>
						<texturenofocus border="1">separator5.png</texturenofocus>
						<visible>!Skin.HasSetting(Disable.multi.fanart.backgrounds)</visible>
					</control>
					<control type="button" id="253">
						<width>1316</width>
						<height>90</height>
						<textoffsetx>30</textoffsetx>
						<font>font15</font>
						<label>Set Multi Fanart Background Folder Path</label>
						<onclick>Skin.SetPath(MultiImageBackground)</onclick>
						<texturenofocus border="1">separator5.png</texturenofocus>
						<visible>Skin.HasSetting(Disable.multi.fanart.backgrounds)</visible>
					</control>
					<control type="button" id="254">
						<width>1316</width>
						<height>90</height>
						<textoffsetx>30</textoffsetx>
						<font>font15</font>
						<label>Set Original Kobra XXX Backgrounds</label>
						<onclick>Skin.SetString(MultiImageBackground,http://kodicustombuilds.com/adult/Backgrounds/Original_Kobra_XXX_Backgrounds/)</onclick>
						<texturenofocus border="1">separator5.png</texturenofocus>
						<visible>Skin.HasSetting(Disable.multi.fanart.backgrounds)</visible>
					</control>
					<control type="button" id="255">
						<width>1316</width>
						<height>90</height>
						<textoffsetx>30</textoffsetx>
						<font>font15</font>
						<label>Set Multi Fanart Background Folder Custom URL</label>
						<onclick>Skin.SetString(MultiImageBackground)</onclick>
						<texturenofocus border="1">separator5.png</texturenofocus>
						<visible>Skin.HasSetting(Disable.multi.fanart.backgrounds)</visible>
					</control>
					<control type="button" id="256">
						<width>1316</width>
						<height>90</height>
						<textoffsetx>30</textoffsetx>
						<font>font15</font>
						<label>Set Home Menu Background (pack 1)</label>
						<onclick>Skin.SetImage(homeBG,https://jorge.fbarr.net/files/wallpaper/,path)</onclick>
						<texturenofocus border="1">separator5.png</texturenofocus>
						<visible>!Skin.HasSetting(Disable.multi.fanart.backgrounds)</visible>
					</control>
					<control type="button" id="257">
						<width>1316</width>
						<height>90</height>
						<textoffsetx>30</textoffsetx>
						<font>font15</font>
						<label>Set Home Menu Background (pack 2)</label>
						<onclick>Skin.SetImage(homeBG,http://www.wallpapersdb.org/wallpapers/3d/,path)</onclick>
						<texturenofocus border="1">separator5.png</texturenofocus>
						<visible>!Skin.HasSetting(Disable.multi.fanart.backgrounds)</visible>
					</control>
					<control type="button" id="258">
						<width>1316</width>
						<height>90</height>
						<textoffsetx>30</textoffsetx>
						<font>font15</font>
						<label>Set Home Menu Background (pack 3)</label>
						<onclick>Skin.SetImage(homeBG,http://davidszervereiinfo.pe.hu/wallpapers/,path)</onclick>
						<texturenofocus border="1">separator5.png</texturenofocus>
						<visible>!Skin.HasSetting(Disable.multi.fanart.backgrounds)</visible>
					</control>
					<control type="button" id="259">
						<width>1316</width>
						<height>90</height>
						<textoffsetx>30</textoffsetx>
						<font>font15</font>
						<label>Set Home Menu Background (pack 4)</label>
						<onclick>Skin.SetImage(homeBG,http://www.myway.de/mr2-passion/4K%20Wallpaper/,path)</onclick>
						<texturenofocus border="1">separator5.png</texturenofocus>
						<visible>!Skin.HasSetting(Disable.multi.fanart.backgrounds)</visible>						
					</control>
					<control type="button" id="260">
						<width>1316</width>
						<height>90</height>
						<textoffsetx>30</textoffsetx>
						<font>font15</font>
						<label>Set Home Menu Background (pack 5)</label>
						<onclick>Skin.SetImage(homeBG,http://kodicustombuilds.com/adult/Backgrounds/,path)</onclick>
						<texturenofocus border="1">separator5.png</texturenofocus>
						<visible>!Skin.HasSetting(Disable.multi.fanart.backgrounds)</visible>
					</control>
					<control type="button" id="261">
						<width>1316</width>
						<height>90</height>
						<textoffsetx>30</textoffsetx>
						<font>font15</font>
						<label>Set Original Kobra XXX Backgrounds</label>
						<onclick>Skin.SetImage(homeBG,http://kodicustombuilds.com/adult/Backgrounds/Original_Kobra_XXX_Backgrounds/,path)</onclick>
						<texturenofocus border="1">separator5.png</texturenofocus>
						<visible>!Skin.HasSetting(Disable.multi.fanart.backgrounds)</visible>
					</control>
				</control>
				<control type="grouplist" id="9002">
					<description>GENERAL SETTINGS</description>
					<left>522</left>
					<top>32</top>
					<width>1316</width>
					<height>720</height>
					<pagecontrol>60</pagecontrol>
					<onleft>9000</onleft>
					<onright>60</onright>
					<onup>9002</onup>
					<ondown>9002</ondown>
					<visible>Container(9000).HasFocus(7)</visible>
					<control type="radiobutton" id="262">
						<width>1316</width>
						<height>90</height>
						<textoffsetx>30</textoffsetx>
						<font>font15</font>
						<label>20189</label>
						<onclick>Skin.ToggleSetting(Enable.AutoScroll)</onclick>
						<selected>Skin.HasSetting(Enable.AutoScroll)</selected>
						<texturenofocus border="1">separator5.png</texturenofocus>
					</control>
					<control type="radiobutton" id="263">
						<width>1316</width>
						<height>90</height>
						<textoffsetx>30</textoffsetx>
						<font>font15</font>
						<label>$LOCALIZE[31170]</label>
						<onclick>Skin.ToggleSetting(Disable.Netflix.Pause)</onclick>
						<selected>!Skin.HasSetting(Disable.Netflix.Pause)</selected>
						<texturenofocus border="1">separator5.png</texturenofocus>
					</control>
					<control type="button" id="264">
						<width>1316</width>
						<height>90</height>
						<textoffsetx>30</textoffsetx>
						<font>font15</font>
						<label>31931</label>
						<label2>[COLOR themecolor]$VAR[VideoPlotLocalizeVar][/COLOR]</label2>
						<onclick>Skin.ToggleSetting(VideoInfoPlotToggle)</onclick>
						<texturenofocus border="1">separator5.png</texturenofocus>
					</control>
					<control type="radiobutton" id="265">
						<width>1316</width>
						<height>90</height>
						<textoffsetx>30</textoffsetx>
						<font>font15</font>
						<label>31124</label>
						<onclick>Skin.ToggleSetting(Disable.ShowBackgroundVideo)</onclick>
						<selected>!Skin.HasSetting(Disable.ShowBackgroundVideo)</selected>
						<texturenofocus border="1">separator5.png</texturenofocus>
					</control>
					<control type="radiobutton" id="266">
						<width>1316</width>
						<height>90</height>
						<textoffsetx>30</textoffsetx>
						<font>font15</font>
						<label>31125</label>
						<onclick>Skin.ToggleSetting(Disable.ShowBackgroundVis)</onclick>
						<selected>!Skin.HasSetting(Disable.ShowBackgroundVis)</selected>
						<texturenofocus border="1">separator5.png</texturenofocus>
					</control>
				</control>
				<control type="grouplist" id="9003">
					<description>EXTRAS SETTINGS</description>
					<left>522</left>
					<top>32</top>
					<width>1316</width>
					<height>720</height>
					<pagecontrol>60</pagecontrol>
					<onleft>9000</onleft>
					<onright>60</onright>
					<onup>9003</onup>
					<ondown>9003</ondown>
					<visible>Container(9000).HasFocus(8)</visible>
					<control type="button" id="267">
						<width>1316</width>
						<height>90</height>
						<textoffsetx>30</textoffsetx>
						<font>font15</font>
						<label>$LOCALIZE[31150]</label>
						<label2>[COLOR labelheader]$INFO[Skin.String(StudioLogos.name)][/COLOR]</label2>
						<onclick condition="System.HasAddon(script.image.resource.select)">RunScript(script.image.resource.select,property=StudioLogos&amp;type=resource.images.studios)</onclick>
						<onclick condition="!System.HasAddon(script.image.resource.select)">InstallAddon(script.image.resource.select)</onclick>
						<texturenofocus border="1">separator5.png</texturenofocus>
					</control>
					<control type="radiobutton" id="268">
						<width>1316</width>
						<height>90</height>
						<textoffsetx>30</textoffsetx>
						<font>font15</font>
						<label>31083</label>
						<onclick>Skin.ToggleSetting(Disable.NextAired)</onclick>
						<selected>!Skin.HasSetting(Disable.NextAired)</selected>
						<texturenofocus border="1">separator5.png</texturenofocus>
						<visible>System.HasAddon(script.tv.show.next.aired)</visible>
					</control>
					<control type="radiobutton" id="269">
						<width>1316</width>
						<height>90</height>
						<textoffsetx>30</textoffsetx>
						<font>font15</font>
						<label>31083</label>
						<onclick>InstallAddon(script.tv.show.next.aired)</onclick>
						<selected>false</selected>
						<texturenofocus border="1">separator5.png</texturenofocus>
						<visible>!System.HasAddon(script.tv.show.next.aired)</visible>
					</control>
					<control type="radiobutton" id="270">
						<width>1316</width>
						<height>90</height>
						<textoffsetx>30</textoffsetx>
						<font>font15</font>
						<label>$LOCALIZE[31121]</label>
						<onclick condition="System.HasAddon(plugin.program.autocompletion)">Skin.ToggleSetting(Disable.Autocomplete)</onclick>
						<onclick condition="!System.HasAddon(plugin.program.autocompletion)">InstallAddon(plugin.program.autocompletion)</onclick>
						<selected>Skin.HasSetting(Disable.Autocomplete) | !System.HasAddon(plugin.program.autocompletion)</selected>
						<texturenofocus border="1">separator5.png</texturenofocus>
						<visible>System.HasAddon(plugin.program.autocompletion)</visible>
					</control>
					<control type="button" id="271">
						<width>1316</width>
						<height>90</height>
						<textoffsetx>30</textoffsetx>
						<font>font15</font>
						<label>31015</label>
						<label2>[COLOR labelheader]$INFO[Skin.String(VideoGenreFanartPath)][/COLOR]</label2>
						<onclick>Skin.SetPath(VideoGenreFanartPath)</onclick>
						<texturenofocus border="1">separator5.png</texturenofocus>
					</control>
					<control type="button" id="272">
						<width>1316</width>
						<height>90</height>
						<textoffsetx>30</textoffsetx>
						<font>font15</font>
						<label>- $LOCALIZE[10035]</label>
						<onclick>Skin.Reset(VideoGenreFanartPath)</onclick>
						<texturenofocus border="1">separator5.png</texturenofocus>
						<visible>!String.IsEmpty(Skin.String(VideoGenreFanartPath))</visible>
					</control>
					<control type="button" id="273">
						<width>1316</width>
						<height>90</height>
						<textoffsetx>30</textoffsetx>
						<font>font15</font>
						<label>31017</label>
						<label2>[COLOR labelheader]$INFO[Skin.String(MusicGenreFanartPath)][/COLOR]</label2>
						<onclick>Skin.SetPath(MusicGenreFanartPath)</onclick>
						<texturenofocus border="1">separator5.png</texturenofocus>
					</control>
					<control type="button" id="274">
						<width>1316</width>
						<height>90</height>
						<textoffsetx>30</textoffsetx>
						<font>font15</font>
						<label>- $LOCALIZE[10035]</label>
						<onclick>Skin.Reset(MusicGenreFanartPath)</onclick>
						<texturenofocus border="1">separator5.png</texturenofocus>
						<visible>!String.IsEmpty(Skin.String(MusicGenreFanartPath))</visible>
					</control>
				</control>
				<control type="grouplist" id="9004">
					<description>ADVANCED SETTINGS</description>
					<left>522</left>
					<top>32</top>
					<width>1316</width>
					<height>720</height>
					<pagecontrol>60</pagecontrol>
					<onleft>9000</onleft>
					<onright>60</onright>
					<onup>9004</onup>
					<ondown>9004</ondown>
					<visible>Container(9000).HasFocus(9)</visible>
					<control type="button" id="275">
						<width>1316</width>
						<height>90</height>
						<textoffsetx>30</textoffsetx>
						<font>font15</font>
						<label>31939</label>
						<label2>[COLOR themecolor]$VAR[InfoPanelDelayLocalizeVar][/COLOR]</label2>
						<onclick>$VAR[InfoPanelDelayOnClickVar]</onclick>
						<texturenofocus border="1">separator5.png</texturenofocus>
					</control>
					<control type="radiobutton" id="276">
						<width>1316</width>
						<height>90</height>
						<textoffsetx>30</textoffsetx>
						<font>font15</font>
						<label>31941</label>
						<onclick>Skin.ToggleSetting(KioskMode.Enabled)</onclick>
						<selected>Skin.HasSetting(KioskMode.Enabled)</selected>
						<texturenofocus border="1">separator5.png</texturenofocus>
					</control>
					<control type="button" id="277">
						<width>1316</width>
						<height>90</height>
						<textoffsetx>30</textoffsetx>
						<font>font15</font>
						<label>31915</label>
						<label2>[COLOR themecolor]$VAR[HorizontalListNavVar][/COLOR]</label2>
						<onclick>Skin.ToggleSetting(HorizontalListNav)</onclick>
						<texturenofocus border="1">separator5.png</texturenofocus>
					</control>
					<control type="button" id="278">
						<width>1316</width>
						<height>90</height>
						<textoffsetx>30</textoffsetx>
						<font>font15</font>
						<label>31943</label>
						<onclick>ActivateWindow(1127)</onclick>
						<texturenofocus border="1">separator5.png</texturenofocus>
					</control>
					<control type="button" id="279">
						<width>1316</width>
						<height>90</height>
						<textoffsetx>30</textoffsetx>
						<font>font15</font>
						<label>31094</label>
						<label2>[COLOR themecolor]$VAR[SlimListSettingVar][/COLOR]</label2>
						<onclick>Skin.ToggleSetting(Enable.SlimList)</onclick>
						<texturenofocus border="1">separator5.png</texturenofocus>
					</control>
					<control type="radiobutton" id="280">
						<width>1316</width>
						<height>90</height>
						<textoffsetx>30</textoffsetx>
						<font>font15</font>
						<label>31961</label>
						<onclick>Skin.ToggleSetting(Enable.HideRatings)</onclick>
						<selected>Skin.HasSetting(Enable.HideRatings)</selected>
						<texturenofocus border="1">separator5.png</texturenofocus>
					</control>
				</control>
				<control type="grouplist" id="9006">
					<description>ICON SETTINGS MENU</description>
					<left>522</left>
					<top>32</top>
					<width>1316</width>
					<height>720</height>
					<pagecontrol>60</pagecontrol>
					<onleft>9000</onleft>
					<onright>60</onright>
					<onup>9006</onup>
					<ondown>9006</ondown>
					<visible>Container(9000).HasFocus(6)</visible>
					<control type="radiobutton" id="281">
						<width>1316</width>
						<height>90</height>
						<textoffsetx>30</textoffsetx>
						<font>font15</font>
						<label>Disable Pulsing Icons</label>
						<onclick>Skin.ToggleSetting(disable.pulsing.icons)</onclick>
						<onclick>ReloadSkin()</onclick>
						<selected>Skin.HasSetting(disable.pulsing.icons)</selected>
						<texturenofocus border="1">separator5.png</texturenofocus>
					</control>
					<control type="radiobutton" id="282">
						<width>1316</width>
						<height>90</height>
						<textoffsetx>30</textoffsetx>
						<font>font15</font>
						<label>Toggle Adult Icons</label>
						<onclick>Skin.ToggleSetting(toggle.adult.icons)</onclick>
						<selected>Skin.HasSetting(toggle.adult.icons)</selected>
						<texturenofocus border="1">separator5.png</texturenofocus>
					</control>
				</control>
				<control type="grouplist" id="9007">
					<description>MENU FURNITURE SETTINGS</description>
					<left>522</left>
					<top>32</top>
					<width>1316</width>
					<height>720</height>
					<pagecontrol>60</pagecontrol>
					<onleft>9000</onleft>
					<onright>60</onright>
					<onup>9007</onup>
					<ondown>9007</ondown>
					<visible>Container(9000).HasFocus(5)</visible>
					<control type="button" id="283">
						<width>1316</width>
						<height>90</height>
						<textoffsetx>30</textoffsetx>
						<font>font15</font>
						<label>Set Home Menu Bar</label>
						<onclick>Skin.SetImage(homemenubar,http://kodicustombuilds.com/adult/Kobra_xxx_menu_bars/,path)</onclick>
						<texturenofocus border="1">separator5.png</texturenofocus>
					</control>
					<control type="radiobutton" id="284">
						<width>1316</width>
						<height>90</height>
						<textoffsetx>30</textoffsetx>
						<font>font15</font>
						<label>Enable/Disable Network Information</label>
						<onclick>Skin.ToggleSetting(disable.network.info)</onclick>
						<selected>!Skin.HasSetting(disable.network.info)</selected>
						<texturenofocus border="1">separator5.png</texturenofocus>
					</control>
					<control type="radiobutton" id="285">
						<width>1316</width>
						<height>90</height>
						<textoffsetx>30</textoffsetx>
						<font>font15</font>
						<label>Enable/Disable Home Menu Bar</label>
						<onclick>Skin.ToggleSetting(disable.home.menu.bar)</onclick>
						<selected>!Skin.HasSetting(disable.home.menu.bar)</selected>
						<texturenofocus border="1">separator5.png</texturenofocus>
					</control>
					<control type="radiobutton" id="286">
						<width>1316</width>
						<height>90</height>
						<textoffsetx>30</textoffsetx>
						<font>font15</font>
						<label>Enable/Disable Kobra image</label>
						<onclick>Skin.ToggleSetting(Disable.image)</onclick>
						<selected>!Skin.HasSetting(Disable.image)</selected>
						<texturenofocus border="1">separator5.png</texturenofocus>
					</control>
					<control type="radiobutton" id="287">
						<width>1316</width>
						<height>90</height>
						<textoffsetx>30</textoffsetx>
						<font>font15</font>
						<label>Enable/Disable Floor Image</label>
						<onclick>Skin.ToggleSetting(Disable.floor.image)</onclick>
						<selected>!Skin.HasSetting(Disable.floor.image)</selected>
						<texturenofocus border="1">separator5.png</texturenofocus>
					</control>
					<control type="radiobutton" id="288">
						<width>1316</width>
						<height>90</height>
						<textoffsetx>30</textoffsetx>
						<font>font15</font>
						<label>Enable/Disable Floor Image (Home Menu)</label>
						<onclick>Skin.ToggleSetting(Disable.floor.image.home)</onclick>
						<selected>!Skin.HasSetting(Disable.floor.image.home)</selected>
						<texturenofocus border="1">separator5.png</texturenofocus>
						<visible>true</visible>
					</control>
					<control type="radiobutton" id="289">
						<width>1316</width>
						<height>90</height>
						<textoffsetx>30</textoffsetx>
						<font>font15</font>
						<label>Enable/Disable XXX image</label>
						<onclick>Skin.ToggleSetting(Disable.xxximage)</onclick>
						<selected>!Skin.HasSetting(Disable.xxximage)</selected>
						<texturenofocus border="1">separator5.png</texturenofocus>
						<visible>false</visible>
					</control>
					<control type="radiobutton" id="290">
						<width>1316</width>
						<height>90</height>
						<textoffsetx>30</textoffsetx>
						<font>font15</font>
						<label>Enable/Disable date and time</label>
						<onclick>Skin.ToggleSetting(Disable.time)</onclick>
						<selected>!Skin.HasSetting(Disable.time)</selected>
						<texturenofocus border="1">separator5.png</texturenofocus>
					</control>
					<control type="radiobutton" id="291">
						<width>1316</width>
						<height>90</height>
						<textoffsetx>30</textoffsetx>
						<font>font15</font>
						<label>Enable/Disable battery level indicator</label>
						<onclick>Skin.ToggleSetting(Disable.battery.level)</onclick>
						<selected>!Skin.HasSetting(Disable.battery.level)</selected>
						<texturenofocus border="1">separator5.png</texturenofocus>
					</control>
				</control>
				<control type="grouplist" id="9011">
					<description>SKIN RESTORE</description>
					<left>522</left>
					<top>32</top>
					<width>1316</width>
					<height>720</height>
					<pagecontrol>60</pagecontrol>
					<onleft>9000</onleft>
					<onright>60</onright>
					<onup>9011</onup>
					<ondown>9011</ondown>
					<visible>Container(9000).HasFocus(10)</visible>
					<control type="button" id="292">
						<width>1316</width>
						<height>90</height>
						<textoffsetx>30</textoffsetx>
						<font>font15</font>
						<label>[COLOR red]!WARNING![/COLOR] This will restore your current skin configuration back to the default settings.</label>
						<onclick>noop</onclick>
						<texturenofocus border="1">separator5.png</texturenofocus>
					</control>
					<control type="button" id="293">
						<width>1316</width>
						<height>90</height>
						<textoffsetx>30</textoffsetx>
						<font>font15</font>
						<label>Click here to restore the skin to default settings.</label>
						<onclick>ActivateWindow(1166,return)</onclick>
						<texturenofocus border="1">separator5.png</texturenofocus>
					</control>
				</control>
			</control>
		</control>
	</controls>
</window>