
<!--XXX MENU-->

<?xml version="1.0" encoding="UTF-8"?>
<window id="1160" type="window">
	<defaultcontrol always="false">9000</defaultcontrol>
	<menucontrol>9051</menucontrol>
	<controls>
		<include condition="Skin.HasSetting(Disable.multi.fanart.backgrounds)">MultiImageBackground</include>
		<include condition="!Skin.HasSetting(Disable.multi.fanart.backgrounds)">HomeBackground</include>
		<include>FloorImage1</include>
		<include>TestGrid</include>

<!-- STANDARD ADULT ICONS -->
		<control type="group" id="50">
		<visible>!Skin.HasSetting(toggle.adult.icons)</visible>
			<top>62</top>
			<include>WindowOpenCloseAnimation</include>
			<control type="panel" id="9000">
				<left>202</left>
				<width>1920</width>
				<height>1080</height>
				<onup>9000</onup>
				<ondown>9000</ondown>
				<pagecontrol>61</pagecontrol>
				<scrolltime tween="quadratic">300</scrolltime>
				<itemlayout width="530" height="340">
					<control type="image">
						<width>453</width>
						<height>277</height>
						<texture colordiffuse="grey3">$INFO[ListItem.Icon]</texture>
						<align>center</align>
						<aspectratio>keep</aspectratio>
					</control>
					<control type="label">
						<top>94</top>
						<width>453</width>
						<height>90</height>
						<font>XXX_Icons</font>
						<label>$INFO[ListItem.Label]</label>
						<align>center</align>
						<textcolor>themecolor</textcolor>
					</control>
				</itemlayout>
				<focusedlayout width="460" height="410">
					<control type="group">
						<animation effect="zoom" center="auto" start="98" end="104" time="130" condition="Skin.HasSetting(disable.pulsing.icons)">Focus</animation>
						<animation effect="zoom" start="104" end="100" center="auto" time="130" condition="Skin.HasSetting(disable.pulsing.icons)">UnFocus</animation>
						<control type="image">
							<width>453</width>
							<height>277</height>
							<texture colordiffuse="">$INFO[ListItem.Icon]</texture>
							<align>center</align>
							<aspectratio>keep</aspectratio>
							<animation effect="zoom" start="100" end="96" center="auto" time="730" pulse="true" condition="!Skin.HasSetting(disable.pulsing.icons)">Conditional</animation>
						</control>
						<control type="label">
							<top>94</top>
							<width>453</width>
							<height>90</height>
							<font>XXX_Icons</font>
							<label>$INFO[ListItem.Label]</label>
							<align>center</align>
							<textcolor>themecolor</textcolor>
						</control>
					</control>
				</focusedlayout>
				<content>
					<item>
						<label>Home</label>
						<onclick>ActivateWindow(home,return)</onclick>
						<icon>xxx_icons/home.png</icon>
					</item>
					<item>
						<label>Adult Hideout</label>
						<onclick>ActivateWindow(Videos,"plugin://plugin.video.adulthideout",return)</onclick>
						<icon>xxx_icons/adult_hideout.png</icon>
					</item>
					<item>
						<label>Ultimate Whitecream</label>
						<onclick>ActivateWindow(10025,"plugin://plugin.video.uwc",return)</onclick>
						<icon>xxx_icons/uwc.png</icon>
					</item>
					<item>
						<label>xXx-Odus</label>
						<onclick>ActivateWindow(Videos,"plugin://plugin.video.xxx-o-dus",return)</onclick>
						<icon>xxx_icons/xxxodus.png</icon>
					</item>
					<item>
						<label>Fantasti CC</label>
						<onclick>ActivateWindow(Videos,"plugin://plugin.video.fantasticc",return)</onclick>
						<icon>xxx_icons/fantasti.png</icon>
					</item>
					<item>
						<label>You Porn</label>
						<onclick>ActivateWindow(Videos,"plugin://plugin.video.youporn",return)</onclick>
						<icon>xxx_icons/youporn.png</icon>
					</item>
					<item>
						<label>Les Be Friends</label>
						<onclick>ActivateWindow(Videos,"plugin://plugin.video.onlesbefriends",return)</onclick>
						<icon>xxx_icons/erotik.png</icon>
					</item>
					<item>
						<label>Video Devil</label>
						<onclick>ActivateWindow(10025,"plugin://plugin.video.videodevil",return)</onclick>
						<icon>xxx_icons/videodevil.png</icon>
					</item>
					<item>
						<label>Empflix</label>
						<onclick>ActivateWindow(Videos,"plugin://plugin.video.empflix",return)</onclick>
						<icon>xxx_icons/empflix.png</icon>
					</item>
					<item>
						<label>You Jizz</label>
						<onclick>ActivateWindow(Videos,"plugin://plugin.video.you.jizz",return)</onclick>
						<icon>xxx_icons/youjizz.png</icon>
					</item>
					<item>
						<label>Adults Only</label>
						<onclick>ActivateWindow(Videos,"plugin://plugin.video.adultsonly",return)</onclick>
						<icon>xxx_icons/adultsonly.png</icon>
					</item>
					<item>
						<label>Just For Him</label>
						<onclick>ActivateWindow(Videos,"plugin://plugin.video.jfh",return)</onclick>
						<icon>xxx_icons/justforhim.png</icon>
					</item>				
				</content>
			</control>
		</control>
		
<!-- UNIFORM ADULT ICONS -->	
		
		<control type="group" id="50">
		<visible>Skin.HasSetting(toggle.adult.icons)</visible>
			<top>64</top>
			<include>WindowOpenCloseAnimation</include>
			<control type="panel" id="9000">
				<left>202</left>
				<width>1920</width>
				<height>1080</height>
				<onup>9000</onup>
				<ondown>9000</ondown>
				<pagecontrol>61</pagecontrol>
				<scrolltime tween="quadratic">300</scrolltime>
				<itemlayout width="530" height="340">
					<control type="image">
						<width>453</width>
						<height>277</height>
						<texture colordiffuse="grey3">$INFO[ListItem.Icon]</texture>
						<align>center</align>
						<aspectratio>keep</aspectratio>
					</control>
					<control type="label">
						<top>66</top>
						<width>453</width>
						<height>90</height>
						<font>XXX_Icons</font>
						<label>$INFO[ListItem.Label]</label>
						<align>center</align>
						<textcolor>themecolor</textcolor>
					</control>
				</itemlayout>
				<focusedlayout width="460" height="410">
					<control type="group">
						<animation effect="zoom" center="auto" start="98" end="104" time="130" condition="Skin.HasSetting(disable.pulsing.icons)">Focus</animation>
						<animation effect="zoom" start="104" end="100" center="auto" time="130" condition="Skin.HasSetting(disable.pulsing.icons)">UnFocus</animation>
						<control type="image">
							<width>453</width>
							<height>277</height>
							<texture colordiffuse="">$INFO[ListItem.Icon]</texture>
							<align>center</align>
							<aspectratio>keep</aspectratio>
							<animation effect="zoom" start="100" end="96" center="auto" time="730" pulse="true" condition="!Skin.HasSetting(disable.pulsing.icons)">Conditional</animation>
						</control>
						<control type="label">
							<top>66</top>
							<width>453</width>
							<height>90</height>
							<font>XXX_Icons</font>
							<label>$INFO[ListItem.Label]</label>
							<align>center</align>
							<textcolor>themecolor</textcolor>
						</control>
					</control>
				</focusedlayout>
				<content>
					<item>
						<label>Home</label>
						<onclick>ActivateWindow(home,return)</onclick>
						<icon>xxx_icons/adult_template.png</icon>
					</item>
					<item>
						<label>Adult Hideout</label>
						<onclick>ActivateWindow(Videos,"plugin://plugin.video.adulthideout",return)</onclick>
						<icon>xxx_icons/adult_template.png</icon>
					</item>
					<item>
						<label>U-W-C</label>
						<onclick>ActivateWindow(10025,"plugin://plugin.video.uwc",return)</onclick>
						<icon>xxx_icons/adult_template.png</icon>
					</item>
					<item>
						<label>xXx-Odus</label>
						<onclick>ActivateWindow(Videos,"plugin://plugin.video.xxx-o-dus",return)</onclick>
						<icon>xxx_icons/adult_template.png</icon>
					</item>
					<item>
						<label>Korean</label>
						<onclick>ActivateWindow(Videos,"plugin://plugin.video.korea-xxx",return)</onclick>
						<icon>xxx_icons/adult_template.png</icon>
					</item>
					<item>
						<label>Fantasti CC</label>
						<onclick>ActivateWindow(Videos,"plugin://plugin.video.fantasticc",return)</onclick>
						<icon>xxx_icons/adult_template.png</icon>
					</item>
					<item>
						<label>You Porn</label>
						<onclick>ActivateWindow(Videos,"plugin://plugin.video.youporn",return)</onclick>
						<icon>xxx_icons/adult_template.png</icon>
					</item>
					<item>
						<label>Erotik XXX</label>
						<onclick>ActivateWindow(Videos,"plugin://plugin.video.erotik",return)</onclick>
						<icon>xxx_icons/adult_template.png</icon>
					</item>
					<item>
						<label>Video Devil</label>
						<onclick>ActivateWindow(10025,"plugin://plugin.video.videodevil",return)</onclick>
						<icon>xxx_icons/adult_template.png</icon>
					</item>
					<item>
						<label>Empflix</label>
						<onclick>ActivateWindow(Videos,"plugin://plugin.video.empflix",return)</onclick>
						<icon>xxx_icons/adult_template.png</icon>
					</item>
					<item>
						<label>You Jizz</label>
						<onclick>ActivateWindow(Videos,"plugin://plugin.video.you.jizz",return)</onclick>
						<icon>xxx_icons/adult_template.png</icon>
					</item>
					<item>
						<label>Adults Only</label>
						<onclick>ActivateWindow(Videos,"plugin://plugin.video.adultsonly",return)</onclick>
						<icon>xxx_icons/adult_template.png</icon>
					</item>
					<item>
						<label>Just For Him</label>
						<onclick>ActivateWindow(Videos,"plugin://plugin.video.jfh",return)</onclick>
						<icon>xxx_icons/adult_template.png</icon>
					</item>
					<item>
						<label>French Amateur</label>
						<onclick>ActivateWindow(Videos,"plugin://plugin.video.invocom",return)</onclick>
						<icon>xxx_icons/adult_template.png</icon>
					</item>	
					<item>
						<label>Home</label>
						<onclick>ActivateWindow(home,return)</onclick>
						<icon>xxx_icons/adult_template.png</icon>
					</item>					
				</content>
			</control>
		</control>
	</controls>
</window>