<?xml version="1.0" encoding="UTF-8"?>

<window id="1162" type="window">
	<defaultcontrol always="false">9000</defaultcontrol>
	<include>DialogOpenCloseAnimation</include>
	<controls>
		<include>HomeBackground</include>
		<include>FloorImage1</include>
		<include condition="Skin.HasSetting(disable.image)">FloorImage</include>
		<include>TestGrid</include>
		<include>KobraImage</include>
		
<!--SKIN HAS KOBRA IMAGE ENABLED-->

		<control type="grouplist" id="9000">
			<animation effect="slide" tween="cubic" time="1020" start="0,1080" end="0,0">WindowOpen</animation>
			<animation effect="slide" tween="cubic" time="1020" end="0,1080" start="0,0">WindowClose</animation>
			<orientation>Horizontal</orientation>
			<left>0</left>
			<top>350</top>
			<width>1920</width>
			<height>1080</height>
			<onleft>9000</onleft>
			<onright>9000</onright>
			<onup>9000</onup>
			<ondown>9000</ondown>
			<itemgap>46</itemgap>
			<align>center</align>
			<control type="button" id="2">
				<description>Home Button</description>
				<label>Home Menu</label>
				<font>XXX_Icons</font>
				<align>center</align>
				<textcolor>themecolor</textcolor>
				<focusedcolor>FFDDEBF0 </focusedcolor>
				<shadowcolor>ff000000</shadowcolor>
				<width>453</width>
				<height>277</height>
				<onleft>9000</onleft>
				<onright>9000</onright>
				<onup>9000</onup>
				<ondown>9000</ondown>
				<textoffsetx>0</textoffsetx>
				<texturefocus border="">xxx_icons/home.png</texturefocus>
				<texturenofocus colordiffuse="grey3">xxx_icons/home.png</texturenofocus>
				<onfocus>-</onfocus>
				<onunfocus>-</onunfocus>
				<animation effect="zoom" start="106" end="100" center="auto" time="730" pulse="true" condition="!Skin.HasSetting(disable.pulsing.icons)">Conditional</animation>
				<animation effect="zoom" start="98" end="104" time="80" tween="cubic" easing="In"  center="auto" pulse="true" condition="Skin.HasSetting(disable.pulsing.icons)">Focus</animation>
				<pulseonselect>false</pulseonselect>
				<onclick>ActivateWindow(home,return)</onclick>
				<visible>!Skin.HasSetting(disable.image)</visible>
			</control>
		</control>
		<control type="grouplist" id="19000">
			<animation effect="slide" tween="cubic" time="1520" start="0,1080" end="0,0">WindowOpen</animation>
			<animation effect="slide" tween="cubic" time="1520" end="0,1080" start="0,0">WindowClose</animation>
			<orientation>Horizontal</orientation>
			<left>0</left>
			<top>700</top>
			<width>1920</width>
			<height>1080</height>
			<onleft>9000</onleft>
			<onright>9000</onright>
			<onup>9000</onup>
			<ondown>9000</ondown>
			<itemgap>46</itemgap>
			<align>center</align>
			<control type="button" id="1">
				<description>Battery Level Image</description>
				<label>Battery Level  $INFO[System.BatteryLevel]</label>
				<font>XXX_Icons</font>
				<align>center</align>
				<textcolor>themecolor</textcolor>
				<focusedcolor>themecolor</focusedcolor>
				<shadowcolor>ff000000</shadowcolor>
				<width>473</width>
				<height>287</height>
				<onleft>19000</onleft>
				<onright>19000</onright>
				<onup>19000</onup>
				<ondown>19000</ondown>
				<textoffsetx>0</textoffsetx>
				<texturefocus border="40,100,40,100">xxx_icons/power.png</texturefocus>
				<texturenofocus border="40,100,40,100">xxx_icons/power.png</texturenofocus>
				<onfocus>-</onfocus>
				<onunfocus>-</onunfocus>
				<pulseonselect>false</pulseonselect>
				<onclick>noop</onclick>
				<visible>!Skin.HasSetting(disable.image)</visible>
			</control>
		</control>
<!------------------------------------------------------------->
<!--SKIN HAS KOBRA IMAGE DISABLED-->

		<control type="grouplist" id="9000">
			<animation effect="slide" tween="cubic" time="1020" start="0,1080" end="0,0">WindowOpen</animation>
			<animation effect="slide" tween="cubic" time="1020" end="0,1080" start="0,0">WindowClose</animation>
			<orientation>Horizontal</orientation>
			<left>0</left>
			<top>228</top>
			<width>1920</width>
			<height>1080</height>
			<onleft>9000</onleft>
			<onright>9000</onright>
			<onup>9000</onup>
			<ondown>9000</ondown>
			<itemgap>46</itemgap>
			<align>center</align>
			<control type="button" id="2">
				<description>Home Button</description>
				<label>Home Menu</label>
				<font>XXX_Icons</font>
				<align>center</align>
				<textcolor>themecolor</textcolor>
				<focusedcolor>FFDDEBF0 </focusedcolor>
				<shadowcolor>ff000000</shadowcolor>
				<width>453</width>
				<height>277</height>
				<onleft>9000</onleft>
				<onright>9000</onright>
				<onup>9000</onup>
				<ondown>9000</ondown>
				<textoffsetx>0</textoffsetx>
				<texturefocus border="">xxx_icons/home.png</texturefocus>
				<texturenofocus colordiffuse="grey3">xxx_icons/home.png</texturenofocus>
				<onfocus>-</onfocus>
				<onunfocus>-</onunfocus>
				<animation effect="zoom" start="98" end="104" center="auto" time="230" pulse="true" condition="true">focus</animation>
				<animation effect="zoom" start="104" end="100" center="auto" time="230" pulse="true" condition="true">UnFocus</animation>
				<pulseonselect>false</pulseonselect>
				<onclick>ActivateWindow(home,return)</onclick>
				<visible>Skin.HasSetting(disable.image)</visible>
			</control>
		</control>
		<control type="grouplist" id="19000">
			<animation effect="slide" tween="cubic" time="1520" start="0,1080" end="0,0">WindowOpen</animation>
			<animation effect="slide" tween="cubic" time="1520" end="0,1080" start="0,0">WindowClose</animation>
			<orientation>Horizontal</orientation>
			<left>0</left>
			<top>570</top>
			<width>1920</width>
			<height>1080</height>
			<onleft>9000</onleft>
			<onright>9000</onright>
			<onup>9000</onup>
			<ondown>9000</ondown>
			<itemgap>46</itemgap>
			<align>center</align>
			<control type="button" id="1">
				<description>Battery Level Image</description>
				<label>Battery Level  $INFO[System.BatteryLevel]</label>
				<font>XXX_Icons</font>
				<align>center</align>
				<textcolor>themecolor</textcolor>
				<focusedcolor>themecolor</focusedcolor>
				<shadowcolor>ff000000</shadowcolor>
				<width>473</width>
				<height>287</height>
				<onleft>19000</onleft>
				<onright>19000</onright>
				<onup>19000</onup>
				<ondown>19000</ondown>
				<textoffsetx>0</textoffsetx>
				<texturefocus border="40,100,40,100">xxx_icons/power.png</texturefocus>
				<texturenofocus border="40,100,40,100">xxx_icons/power.png</texturenofocus>
				<onfocus>-</onfocus>
				<onunfocus>-</onunfocus>
				<pulseonselect>false</pulseonselect>
				<onclick>noop</onclick>
				<visible>Skin.HasSetting(disable.image)</visible>
			</control>
		</control>
<!------------------------------------------------------------->
	</controls>
</window>