<?xml version="1.0" encoding="UTF-8"?>
<window>
	<coordinates>
		<left>560</left>
		<top>20</top>
	</coordinates>
	<controls>
		<control type="group">
		<animation effect="slide" tween="cubic" time="1220" start="0,-1080" end="0,0">WindowOpen</animation>
		<animation effect="slide" tween="cubic" time="1220" end="0,-1080" start="0,0">WindowClose</animation>
			<control type="image">
				<description>background image</description>
				<left>0</left>
				<top>0</top>
				<width>800</width>
				<height>318</height>
				<texture border="5" colordiffuse="">default_bg2.png</texture>
			</control>
			<control type="image">
				<description>Notification Background</description>
				<left>-20</left>
				<top>-16</top>
				<width>840</width>
				<height>328</height>
				<texture colordiffuse="grey3" border="40,100,40,100">xxx_icons/template/template3.png</texture>
			</control>
			<control type="image" id="400">
				<description>avatar</description>
				<left>320</left>
				<top>-75</top>
				<width>156</width>
				<height>346</height>
				<bordersize>3</bordersize>
				<aspectratio>keep</aspectratio>
				<texture colordiffuse="">views/list/DefaultFile.png</texture>
			</control>
			<control type="fadelabel" id="401">
				<description>Line 1 Label</description>
				<left>0</left>
				<top>178</top>
				<width>800</width>
				<height>50</height>
				<font>font15_title</font>
				<textoffsetx>15</textoffsetx>
				<textcolor>themecolor</textcolor>
				<align>center</align>
				<aligny></aligny>
				<scrollout>false</scrollout>
				<pauseatend>2000</pauseatend>
			</control>
			<control type="fadelabel" id="402">
				<description>Line 2 Label</description>
				<left>0</left>
				<top>234</top>
				<width>800</width>
				<height>30</height>
				<font>font15</font>
				<textoffsetx>15</textoffsetx>
				<textcolor>grey2</textcolor>
				<align>center</align>
				<aligny></aligny>
				<scrollout>false</scrollout>
				<pauseatend>2000</pauseatend>
			</control>
			<control type="image" id="403">
				<description>avatar</description>
				<left>134</left>
				<top>34</top>
				<width>100</width>
				<height>100</height>
				<bordersize>1</bordersize>
				<aspectratio>keep</aspectratio>
				<visible>false</visible>
				<texture colordiffuse="darkred">DefaultIconInfo.png</texture>
			</control>
			<control type="image" id="404">
				<description>avatar</description>
				<left>130</left>
				<top>34</top>
				<width>100</width>
				<height>100</height>
				<bordersize>1</bordersize>
				<aspectratio>keep</aspectratio>
				<visible>false</visible>
				<texture colordiffuse="darkred">DefaultIconWarning.png</texture>
			</control>
			<control type="image" id="405">
				<description>avatar</description>
				<left>130</left>
				<top>34</top>
				<width>100</width>
				<height>100</height>
				<bordersize>1</bordersize>
				<aspectratio>keep</aspectratio>
				<visible>false</visible>
				<texture colordiffuse="darkred">DefaultIconError.png</texture>
			</control>
		</control>
	</controls>
</window>