
<!--HOME MENU-->

<?xml version="1.0" encoding="UTF-8"?>
<window>
	<defaultcontrol always="false">9000</defaultcontrol>
<!-- 	<onload condition="!System.HasSetting(Disable.multi.fanart.backgrounds)">ActivateWindow(1126)</onload> -->
	<onload>SetProperty(Window.HasSettings,True,home)</onload>
	<onload>ClearProperty(MediaMenu,Home)</onload>
	<onunload>ClearProperty(Window.HasSettings,Home)</onunload>
	<controls>
		<include condition="Skin.HasSetting(Disable.multi.fanart.backgrounds)">MultiImageBackground</include>
		<include condition="!Skin.HasSetting(Disable.multi.fanart.backgrounds)">HomeBackground</include>
		<include>TestGrid</include>
		<include condition="!Skin.HasSetting(main.menu.layout)">KobraImage</include>
		<include>KobraNoxImage</include>
		<include>KobraNoxImage1</include>
		<include>FloorImage1</include>
		<include>TimeAndDate</include>
		<include>BatteryInfo</include>
		<include>NetworkInfo</include>
		
<!-- RSS FEED -->

		<include condition="system.getbool(lookandfeel.enablerssfeeds) + Skin.HasSetting(Detach.RSS)">RSSFeedWidget</include>
		<include condition="system.getbool(lookandfeel.enablerssfeeds) + !Skin.HasSetting(Detach.RSS)">RSSFeedWidget2</include>
		<control type="group">
			<top>453</top>
			    <animation effect="slide" end="0,338" time="320" tween="cubic" easing="inout" condition="Skin.HasSetting(lowermainmenu)">Conditional</animation>
			    <animation type="WindowOpen" reversible="false" condition="Window.Previous(Startup)">
				<effect type="zoom" start="0" end="100" center="960,540" delay="500" time="300" tween="cubic" />
			</animation>
			<animation type="WindowOpen" reversible="false" condition="!Window.Previous(Startup)">
				<effect type="zoom" start="150" end="100" center="960,540" time="300" tween="cubic" />
				<effect type="fade" start="50" end="100" time="300" />
			</animation>
			<animation type="WindowClose" reversible="false">
				<effect type="fade" start="100" end="0" time="300" />
				<effect type="zoom" start="100" end="130" center="960,540" time="300" tween="cubic" easing="in" />
			</animation>
		</control>
		<include condition="!Skin.HasSetting(main.menu.layout)">MainMenuIcons</include>
		<include condition="Skin.HasSetting(main.menu.layout)">MainMenuTiles</include>
</controls>
</window>