<?xml version="1.0" encoding="UTF-8"?>
<includes>
	<include name="CommonBackground">
		<param name="windowOpen">True</param>
		<param name="windowClose">True</param>
		<definition>
			<control type="group">
				<depth>MinDepth</depth>
				<animation effect="fade" time="600" condition="$PARAM[windowOpen]">WindowOpen</animation>
				<animation effect="fade" time="600" condition="$PARAM[windowClose]">WindowClose</animation>
<!-- 				<include condition="Window.IsActive(home)">HomeFanart</include>
				<include condition="!Window.IsActive(home)">GlobalFanart</include> -->
				<include condition="Window.IsActive(home)">LiveCasesBackground</include>
				<include condition="Window.IsActive(videos) + !String.IsEmpty(Skin.String(VideoGenreFanartPath))">VideoGenreFanart</include>
				<include condition="Window.IsActive(music) + !String.IsEmpty(Skin.String(MusicGenreFanartPath))">MusicGenreFanart</include>
				<include condition="Window.IsActive(script-NextAired-TVGuide.xml) | Window.IsActive(script-NextAired-TVGuide2.xml)">TVShowNextAiredBackground</include>
				<include condition="Window.IsActive(weather)">WeatherBackground</include>
				<include condition="Window.IsActive(script-globalsearch-main.xml)">GlobalSearchBG</include>
				<include condition="Window.IsActive(service-LibreELEC-Settings-mainWindow.xml)">LibreELECBG</include>
				<include condition="!Skin.HasSetting(Disable.ShowBackgroundVis)+ !Window.IsActive(TVChannels) + !Window.IsActive(RadioChannels)">BackgroundVisualization</include>
				<include condition="!Skin.HasSetting(Disable.ShowBackgroundVideo)+ !Window.IsActive(TVChannels) + !Window.IsActive(RadioChannels)">BackgroundVideo</include>
			</control>
			<control type="group">
				<visible>![Window.IsActive(home) | Window.IsActive(startup) | [Window.IsVisible(TVGuide) + Player.HasVideo]] | Window.IsActive(script-globalsearch-main.xml)</visible>
				<include content="WindowOpenCloseAnimation">
					<param name="windowOpen" value="$PARAM[windowOpen]" />
					<param name="windowClose" value="$PARAM[windowClose]" />
				</include>
				<visible>![Control.IsVisible(59) | Control.IsVisible(501) | Control.IsVisible(502) | Control.IsVisible(503)]</visible>
				<depth>MinDepth</depth>
				<include>ViewAnimation</include>
				<animation effect="slide" start="0,0" end="0,80" time="720" tween="cubic" easing="inout" condition="![[Control.IsVisible(52) + !Window.IsActive(systeminfo)] | Control.IsVisible(53) | Control.IsVisible(54) | Control.IsVisible(55) | Control.IsVisible(56) | Control.IsVisible(500) | Control.IsVisible(57)]">Conditional</animation>
				<animation effect="slide" start="0,0" end="0,-20" time="720" tween="cubic" easing="inout" condition="[Control.IsVisible(58) | Control.IsVisible(510)]">Conditional</animation>
			</control>
			<control type="image">
				<width>100%</width>
				<height>1130</height>
				<texture border="0,0,0,50">topbar.png</texture>
				<visible>Control.IsVisible(503)</visible>
			</control>
			<control type="image">
				<include>FullscreenDimensions</include>
				<texture border="1">logo_back.png</texture>
				<visible>Control.IsVisible(59)</visible>
				<include>ViewAnimation</include>
			</control>
		</definition>
	</include>
	<include name="BackgroundVideo">
		<control type="group">
			<visible>![[Control.IsVisible(52) | Control.IsVisible(53)] + String.IsEqual(Control.GetLabel(4420),1)]</visible>
			<control type="image">
				<include>FullscreenDimensions</include>
				<texture>black.png</texture>
				<visible>Player.HasVideo + !SlideShow.IsActive</visible>
			</control>
			<control type="videowindow">
				<include>FullscreenDimensions</include>
				<visible>Player.HasVideo + !SlideShow.IsActive</visible>
			</control>
		</control>
	</include>
	<include name="BackgroundVisualization">
		<control type="visualisation">
			<include>FullscreenDimensions</include>
			<visible>Player.HasAudio</visible>
			<visible>String.IsEmpty(Window(Videos).Property(PlayingBackgroundMedia))</visible>
		</control>
	</include>
	<include name="VideoGenreFanart">
		<control type="image" id="4980">
			<description>Normal Default Background Image</description>
			<include>FullscreenDimensions</include>
			<aspectratio>scale</aspectratio>
			<fadetime>FanartCrossfadeTime</fadetime>
			<texture background="true" fallback="special://skin/backgrounds/fallback_movies.jpg">$INFO[Skin.String(VideoGenreFanartPath)]$INFO[ListItem.Label,,.jpg]</texture>
			<visible>Container.Content(genres)</visible>
		</control>
	</include>
	<include name="MusicGenreFanart">
		<control type="image">
			<description>Normal Default Background Image</description>
			<include>FullscreenDimensions</include>
			<aspectratio>scale</aspectratio>
			<fadetime>FanartCrossfadeTime</fadetime>
			<texture background="true" fallback="special://skin/backgrounds/fallback_music.jpg">$INFO[Skin.String(MusicGenreFanartPath)]$INFO[ListItem.Label,,.jpg]</texture>
			<visible>Container.Content(genres)</visible>
		</control>
	</include>

<!--     MY MODS     -->

<!--FLOOR IMAGE-->

	<include name="FloorImage">
		<control type="image">
			<animation effect="slide" tween="cubic" time="720" start="0,1080" end="0,0">WindowOpen</animation>
			<animation effect="slide" tween="cubic" time="220" end="0,1080" start="0,0">WindowClose</animation>
			<bottom>0</bottom>
			<width>100%</width>
			<height>1020</height>
			<texture colordiffuse="themecolor">floor1.png</texture>
			<visible>!Skin.HasSetting(disable.floor.image)</visible>
		</control>
	</include>
	<include name="FloorImage1">
		<control type="image">
			<animation effect="slide" tween="cubic" time="720" start="0,1080" end="0,0">WindowOpen</animation>
			<animation effect="slide" tween="cubic" time="220" end="0,1080" start="0,0">WindowClose</animation>
			<bottom>0</bottom>
			<width>100%</width>
			<height>540</height>
			<texture colordiffuse="themecolor">floor1.png</texture>
			<visible>!Skin.HasSetting(disable.floor.image)</visible>
		</control>
	</include>
	<include name="FloorImage2">
		<control type="image">
			<animation effect="slide" tween="cubic" time="720" start="0,1080" end="0,0">WindowOpen</animation>
			<animation effect="slide" tween="cubic" time="220" end="0,1080" start="0,0">WindowClose</animation>
			<bottom>0</bottom>
			<width>100%</width>
			<height>770</height>
			<texture colordiffuse="themecolor">floor1.png</texture>
			<visible>!Skin.HasSetting(disable.floor.image)</visible>
		</control>
	</include>
	
<!--TIME AND DATE-->
	
	<include name="TimeAndDate">
		<control type="group">
		<left>0</left>
		<top>985</top>
		<animation effect="slide" tween="cubic" time="1220" start="0,1080" end="0,0">WindowOpen</animation>
		<animation effect="slide" tween="cubic" time="1220" end="0,1080" start="0,0">WindowClose</animation>
			<control type="button" id="701">
				<description>Time and Date</description>
				<label>$INFO[System.Time][COLOR grey] | [/COLOR]$INFO[System.Date]</label>
				<font>digital_clock</font>
				<align>center</align>
				<textcolor>themecolor</textcolor>
				<focusedcolor>themecolor</focusedcolor>
				<shadowcolor>ff000000</shadowcolor>
				<width>1920</width>
				<height>90</height>
				<onleft>899</onleft>
				<onright>699</onright>
				<onup>9000</onup>
				<ondown>9000</ondown>
				<textoffsetx>-</textoffsetx>
				<texturefocus colordiffuse="grey2" border="10,40,10,40">aaa2.png</texturefocus>
				<texturenofocus colordiffuse="grey2" border="10,40,10,40">aaa2.png</texturenofocus>
				<onfocus>-</onfocus>
				<onunfocus>-</onunfocus>
				<animation effect="zoom" start="100" end="112" center="auto" time="230" pulse="false" condition="true">focus</animation>
				<animation effect="zoom" start="112" end="100" center="auto" time="230" pulse="false" condition="true">UnFocus</animation>
				<pulseonselect>true</pulseonselect>
				<onclick>ActivateScreensaver</onclick>
				<visible>!Skin.HasSetting(disable.time)</visible>
	<!-- 			<visible>!Skin.HasSetting(disable.RSS.Feed)</visible> -->

			</control>
		</control>
	</include>
	
<!--BATTERY INFORMATION-->

	<include name="BatteryInfo">
		<control type="group">
		<left>1770</left>
		<top>1000</top>
		<animation effect="slide" tween="cubic" time="1220" start="0,1080" end="0,0">WindowOpen</animation>
		<animation effect="slide" tween="cubic" time="1220" end="0,1080" start="0,0">WindowClose</animation>
			<control type="button" id="699">
				<description>Battery Level Indicator</description>
				<align>center</align>
				<width>110</width>
				<height>60</height>
				<onleft>701</onleft>
				<onright>899</onright>
				<onup>9000</onup>
				<ondown>9000</ondown>
				<textoffsetx>0</textoffsetx>
				<texturefocus border="" colordiffuse="grey2">battery_images/battery.png</texturefocus>
				<texturenofocus colordiffuse="grey3">battery_images/battery.png</texturenofocus>
				<onfocus>-</onfocus>
				<onunfocus>-</onunfocus>
				<animation effect="zoom" start="100" end="116" center="auto" time="230" pulse="false" condition="true">focus</animation>
				<animation effect="zoom" start="116" end="100" center="auto" time="230" pulse="false" condition="true">UnFocus</animation>
				<pulseonselect>true</pulseonselect>
				<onclick>ActivateWindow(1162,return)</onclick>
				<visible>!Skin.HasSetting(disable.battery.level)</visible>
				<visible>!System.HasBattery</visible>
			</control>
			<control type="label">
				<description>Battery Level Indicator</description>
				<label>$INFO[System.BatteryLevel]</label>
				<font>digital_clock</font>
				<textcolor>themecolor</textcolor>
				<focusedcolor>themecolor</focusedcolor>
				<shadowcolor>ff000000</shadowcolor>
				<width>130</width>
				<height>60</height>
				<top>0</top>
				<left>-55</left>
				<visible>!Skin.HasSetting(disable.battery.level)</visible>
				<visible>!System.HasBattery</visible>
			</control>
		</control>
	</include>

<!--NETWORK INFORMATION-->

	<include name="NetworkInfo">
		<control type="group">
		<left>96</left>
		<top>997</top>
		<animation effect="slide" tween="cubic" time="1220" start="0,1080" end="0,0">WindowOpen</animation>
		<animation effect="slide" tween="cubic" time="1220" end="0,1080" start="0,0">WindowClose</animation>
			<control type="button" id="899">
				<description>Internet Info</description>
				<align>left</align>
				<texturefocus border="" colordiffuse="grey2">network_images/network.png</texturefocus>
				<texturenofocus colordiffuse="grey3">network_images/network.png</texturenofocus>
				<animation effect="zoom" start="100" end="122" center="auto" time="230" pulse="false" condition="true">focus</animation>
				<animation effect="zoom" start="122" end="100" center="auto" time="230" pulse="false" condition="true">UnFocus</animation>
				<shadowcolor>ff000000</shadowcolor>
				<top>4</top>
				<left>-60</left>
				<width>52</width>
				<height>56</height>
				<onleft>699</onleft>
				<onright>701</onright>
				<onup>9000</onup>
				<ondown>9000</ondown>
				<textoffsetx>0</textoffsetx>
				<pulseonselect>true</pulseonselect>
				<onclick>ActivateWindow(1165,return)</onclick>
				<scroll>true</scroll>
				<scrollsuffix>   |   </scrollsuffix>
				<scrollspeed>50</scrollspeed>
				<visible>!Skin.HasSetting(disable.network.info)</visible>
			</control>
			<control type="label">
				<description>Network Information</description>
				<label>[COLOR grey3]Network:[/COLOR] $INFO[System.InternetState]</label>
				<left>0</left>
				<top>4</top>
				<font>digital_clock</font>
				<textcolor>themecolor</textcolor>
				<focusedcolor>themecolor</focusedcolor>
				<shadowcolor>ff000000</shadowcolor>
				<width>630</width>
				<height>60</height>
				<visible>!Skin.HasSetting(disable.network.info)</visible>
			</control>
		</control>
	</include>
	
<!--TEST GRID FOR DEVELOPER MODE-->
	
	<include name="TestGrid">
		<control type="image">
			<description>test grid background image</description>
			<include>FullscreenDimensions</include>
			<texture colordiffuse="">grid.png</texture>
			<visible>Skin.HasSetting(disable.test.grid)</visible>
		</control>
	</include>
	
<!--NETWORK BACKGROUND GIF-->
	
	<include name="NetworkGif">
		<control type="image">
			<description>network background animated gif</description>
			<animation effect="fade" time="1600" condition="true">WindowOpen</animation>
			<animation effect="fade" time="1600" condition="true">WindowClose</animation>
			<include>FullscreenDimensions</include>
			<texture colordiffuse="">a.gif</texture>
			<visible>-</visible>
		</control>
	</include>
	
<!--KOBRA IMAGE-->
	
	<include name="KobraImage">
		<control type="image">
			<description>kobra image</description>
			<animation effect="zoom" start="0" end="100" center="auto" time="730">WindowOpen</animation>
			<animation effect="fade" time="600" condition="true">WindowClose</animation>
			<left>844</left>
			<top>50</top>
			<width>230</width>
			<height>230</height>
			<texture colordiffuse="">kobra_images/kobra.png</texture>
			<visible>!Skin.HasSetting(disable.image)</visible>
		</control>
	</include>

<!--KOBRA NOX IMAGE-->

	<include name="KobraNoxImage">
		<control type="group">
			<left>62</left>
			<top>4</top>
			<visible>!Skin.HasSetting(disable.kobra.nox.image) + !Skin.HasSetting(lowermainmenu) + !Skin.HasSetting(main.menu.layout)</visible>
			<control type="image">
				<description>Kobra Text Image</description>
				<animation effect="slide" tween="bounce" time="1320" start="-1120,0" end="0,0" delay="400">WindowOpen</animation>
				<animation effect="fade" time="200" condition="true">WindowClose</animation>
				<left>456</left>
				<top>742</top>
				<width>300</width>
				<height>70</height>
				<texture colordiffuse="grey2">kobra_images/kobra_text.png</texture>
			</control>
			<control type="image">
				<description>XXX Text Image</description>
				<animation effect="zoom" start="0" end="120" center="auto" time="730">WindowOpen</animation>
				<animation effect="fade" time="200" condition="true">WindowClose</animation>
				<left>801</left>
				<top>730</top>
				<width>200</width>
				<height>100</height>
				<texture colordiffuse="themecolor">kobra_images/xxx_text.png</texture>
			</control>
			<control type="image">
				<description>Stream Text Image</description>
				<animation effect="slide" tween="bounce" time="1320" start="1120,0" end="0,0" delay="400">WindowOpen</animation>
				<animation effect="fade" time="200" condition="true">WindowClose</animation>
				<left>1044</left>
				<top>742</top>
				<width>314</width>
				<height>70</height>
				<texture colordiffuse="grey2">kobra_images/stream_text.png</texture>
			</control>
		</control>
	</include>

	<include name="KobraNoxImage1">
		<control type="group">
			<left>62</left>
			<top>-260</top>
			<visible>!Skin.HasSetting(disable.kobra.nox.image) + Skin.HasSetting(lowermainmenu) + !Skin.HasSetting(main.menu.layout)</visible>
			<control type="image">
				<description>Kobra Text Image</description>
				<animation effect="slide" tween="bounce" time="1320" start="-1120,0" end="0,0" delay="400">WindowOpen</animation>
				<animation effect="fade" time="200" condition="true">WindowClose</animation>
				<left>456</left>
				<top>742</top>
				<width>300</width>
				<height>70</height>
				<texture colordiffuse="grey2">kobra_images/kobra_text.png</texture>
			</control>
			<control type="image">
				<description>XXX Text Image</description>
				<animation effect="zoom" start="0" end="120" center="auto" time="730">WindowOpen</animation>
				<animation effect="fade" time="200" condition="true">WindowClose</animation>
				<left>801</left>
				<top>730</top>
				<width>200</width>
				<height>100</height>
				<texture colordiffuse="themecolor">kobra_images/xxx_text.png</texture>
			</control>
			<control type="image">
				<description>Stream Text Image</description>
				<animation effect="slide" tween="bounce" time="1320" start="1120,0" end="0,0" delay="400">WindowOpen</animation>
				<animation effect="fade" time="200" condition="true">WindowClose</animation>
				<left>1044</left>
				<top>742</top>
				<width>314</width>
				<height>70</height>
				<texture colordiffuse="grey2">kobra_images/stream_text.png</texture>
			</control>
		</control>
	</include>

<!--LET IT SNOW-->
	
	<include name="SnowBackground">
		<!-- <control type="image">
			<include>FullscreenDimensions</include>
			<texture background="true">snow.gif</texture>
		</control> -->
		<control type="group">
			<control type="group">
				<left>100</left>
				<control type="image">
					<left>60</left>
					<width>35</width>
					<height>35</height>
					<texture>snow/snow3.png</texture>
					<aspectratio scalediffuse="false">keep</aspectratio>
					<animation effect="slide" start="0,-50" end="0,1180" time="19000" delay="0" reversible="false" loop="true" condition="true">Conditional</animation>
					<animation effect="rotate" end="-360" time="12000" loop="true" center="auto" condition="true">Conditional</animation>
					<animation effect="rotatey" end="-360" time="8000" loop="true" center="auto" condition="true">Conditional</animation>
				</control>
				<control type="image">
					<left>260</left>
					<width>35</width>
					<height>35</height>
					<texture>snow/snow5.png</texture>
					<aspectratio scalediffuse="false">keep</aspectratio>
					<animation effect="slide" start="0,-600" end="0,1180" time="28000" delay="0" reversible="false" loop="true" condition="true">Conditional</animation>
					<animation effect="rotate" end="-360" time="12000" loop="true" center="auto" condition="true">Conditional</animation>
					<animation effect="rotatey" end="-360" time="14000" loop="true" center="auto" condition="true">Conditional</animation>
				</control>
				<control type="image">
					<left>380</left>
					<width>35</width>
					<height>35</height>
					<texture>snow/snow2.png</texture>
					<aspectratio scalediffuse="false">keep</aspectratio>
					<animation effect="slide" start="0,-960" end="0,1180" time="34000" delay="0" reversible="false" loop="true" condition="true">Conditional</animation>
					<animation effect="rotate" end="-360" time="10000" loop="true" center="auto" condition="true">Conditional</animation>
					<animation effect="rotatey" end="-360" time="17000" loop="true" center="auto" condition="true">Conditional</animation>
				</control>
				<control type="image">
					<left>622</left>
					<width>35</width>
					<height>35</height>
					<texture>snow/snow4.png</texture>
					<aspectratio scalediffuse="false">keep</aspectratio>
					<animation effect="slide" start="0,-100" end="0,1180" time="20000" delay="0" reversible="false" loop="true" condition="true">Conditional</animation>
					<animation effect="rotate" end="-360" time="8000" loop="true" center="auto" condition="true">Conditional</animation>
					<animation effect="rotatey" end="-360" time="10000" loop="true" center="auto" condition="true">Conditional</animation>
				</control>
				<control type="image">
					<left>960</left>
					<width>35</width>
					<height>35</height>
					<texture>snow/snow2.png</texture>
					<aspectratio scalediffuse="false">keep</aspectratio>
					<animation effect="slide" start="0,-500" end="0,1180" time="24000" delay="0" reversible="false" loop="true" condition="true">Conditional</animation>
					<animation effect="rotate" end="-360" time="12000" loop="true" center="auto" condition="true">Conditional</animation>
					<animation effect="rotatey" end="-360" time="12000" loop="true" center="auto" condition="true">Conditional</animation>
				</control>
				<control type="image">
					<left>1200</left>
					<width>35</width>
					<height>35</height>
					<texture>snow/snow3.png</texture>
					<aspectratio scalediffuse="false">keep</aspectratio>
					<animation effect="slide" start="0,-260" end="0,1180" time="18000" delay="0" reversible="false" loop="true" condition="true">Conditional</animation>
					<animation effect="rotate" end="-360" time="12000" loop="true" center="auto" condition="true">Conditional</animation>
					<animation effect="rotatey" end="-360" time="9000" loop="true" center="auto" condition="true">Conditional</animation>
				</control>
				<control type="image">
					<left>1426</left>
					<width>35</width>
					<height>35</height>
					<texture>snow/snow5.png</texture>
					<aspectratio scalediffuse="false">keep</aspectratio>
					<animation effect="slide" start="0,-850" end="0,1180" time="24000" delay="0" reversible="false" loop="true" condition="true">Conditional</animation>
					<animation effect="rotate" end="-360" time="12000" loop="true" center="auto" condition="true">Conditional</animation>
					<animation effect="rotatey" end="-360" time="12000" loop="true" center="auto" condition="true">Conditional</animation>
				</control>
				<control type="image">
					<left>1587</left>
					<width>35</width>
					<height>35</height>
					<texture>snow/snow4.png</texture>
					<aspectratio scalediffuse="false">keep</aspectratio>
					<animation effect="slide" start="0,-1080" end="0,1180" time="35000" delay="0" reversible="false" loop="true" condition="true">Conditional</animation>
					<animation effect="rotate" end="-360" time="12000" loop="true" center="auto" condition="true">Conditional</animation>
					<animation effect="rotatey" end="-360" time="17500" loop="true" center="auto" condition="true">Conditional</animation>
				</control>
			</control>
			<control type="group">
				<control type="image">
					<left>60</left>
					<width>35</width>
					<height>35</height>
					<texture>snow/snow.png</texture>
					<aspectratio scalediffuse="false">keep</aspectratio>
					<animation effect="slide" start="0,-450" end="0,1180" time="24000" delay="0" reversible="false" loop="true" condition="true">Conditional</animation>
					<animation effect="rotate" end="-360" time="12000" loop="true" center="auto" condition="true">Conditional</animation>
					<animation effect="rotatey" end="-360" time="12000" loop="true" center="auto" condition="true">Conditional</animation>
				</control>
				<control type="image">
					<left>260</left>
					<width>35</width>
					<height>35</height>
					<texture>snow/snow.png</texture>
					<aspectratio scalediffuse="false">keep</aspectratio>
					<animation effect="slide" start="0,-200" end="0,1180" time="18000" delay="0" reversible="false" loop="true" condition="true">Conditional</animation>
					<animation effect="rotate" end="-360" time="12000" loop="true" center="auto" condition="true">Conditional</animation>
					<animation effect="rotatey" end="-360" time="9000" loop="true" center="auto" condition="true">Conditional</animation>
				</control>
				<control type="image">
					<left>380</left>
					<width>35</width>
					<height>35</height>
					<texture>snow/snow.png</texture>
					<aspectratio scalediffuse="false">keep</aspectratio>
					<animation effect="slide" start="0,-500" end="0,1180" time="25000" delay="0" reversible="false" loop="true" condition="true">Conditional</animation>
					<animation effect="rotate" end="-360" time="10000" loop="true" center="auto" condition="true">Conditional</animation>
					<animation effect="rotatey" end="-360" time="13500" loop="true" center="auto" condition="true">Conditional</animation>
				</control>
				<control type="image">
					<left>622</left>
					<width>35</width>
					<height>35</height>
					<texture>snow/snow.png</texture>
					<aspectratio scalediffuse="false">keep</aspectratio>
					<animation effect="slide" start="0,-800" end="0,1180" time="32000" delay="0" reversible="false" loop="true" condition="true">Conditional</animation>
					<animation effect="rotate" end="-360" time="8000" loop="true" center="auto" condition="true">Conditional</animation>
					<animation effect="rotatey" end="-360" time="16000" loop="true" center="auto" condition="true">Conditional</animation>
				</control>
				<control type="image">
					<left>960</left>
					<width>35</width>
					<height>35</height>
					<texture>snow/snow.png</texture>
					<aspectratio scalediffuse="false">keep</aspectratio>
					<animation effect="slide" start="0,-50" end="0,1180" time="18000" delay="0" reversible="false" loop="true" condition="true">Conditional</animation>
					<animation effect="rotate" end="-360" time="12000" loop="true" center="auto" condition="true">Conditional</animation>
					<animation effect="rotatey" end="-360" time="9000" loop="true" center="auto" condition="true">Conditional</animation>
				</control>
				<control type="image">
					<left>1200</left>
					<width>35</width>
					<height>35</height>
					<texture>snow/snow.png</texture>
					<aspectratio scalediffuse="false">keep</aspectratio>
					<animation effect="slide" start="0,-960" end="0,1180" time="30000" delay="0" reversible="false" loop="true" condition="true">Conditional</animation>
					<animation effect="rotate" end="-360" time="12000" loop="true" center="auto" condition="true">Conditional</animation>
					<animation effect="rotatey" end="-360" time="15000" loop="true" center="auto" condition="true">Conditional</animation>
				</control>
				<control type="image">
					<left>1426</left>
					<width>35</width>
					<height>35</height>
					<texture>snow/snow.png</texture>
					<aspectratio scalediffuse="false">keep</aspectratio>
					<animation effect="slide" start="0,-160" end="0,1180" time="20000" delay="0" reversible="false" loop="true" condition="true">Conditional</animation>
					<animation effect="rotate" end="-360" time="12000" loop="true" center="auto" condition="true">Conditional</animation>
					<animation effect="rotatey" end="-360" time="10000" loop="true" center="auto" condition="true">Conditional</animation>
				</control>
				<control type="image">
					<left>1587</left>
					<width>35</width>
					<height>35</height>
					<texture>snow/snow.png</texture>
					<aspectratio scalediffuse="false">keep</aspectratio>
					<animation effect="slide" start="0,-300" end="0,1180" time="20000" delay="0" reversible="false" loop="true" condition="true">Conditional</animation>
					<animation effect="rotate" end="-360" time="12000" loop="true" center="auto" condition="true">Conditional</animation>
					<animation effect="rotatey" end="-360" time="10000" loop="true" center="auto" condition="true">Conditional</animation>
				</control>
			</control>
			<control type="group">
				<control type="image">
					<left>520</left>
					<width>55</width>
					<height>55</height>
					<texture>snow/snow3.png</texture>
					<aspectratio scalediffuse="false">keep</aspectratio>
					<animation effect="slide" start="0,-200" end="0,1180" time="22000" delay="0" reversible="false" loop="true" condition="true">Conditional</animation>
					<animation effect="rotate" end="-360" time="12000" loop="true" center="auto" condition="true">Conditional</animation>
					<animation effect="rotatey" end="-360" time="11000" loop="true" center="auto" condition="true">Conditional</animation>
				</control>
				<control type="image">
					<left>730</left>
					<width>55</width>
					<height>55</height>
					<texture>snow/snow5.png</texture>
					<aspectratio scalediffuse="false">keep</aspectratio>
					<animation effect="slide" start="0,-300" end="0,1180" time="25000" delay="0" reversible="false" loop="true" condition="true">Conditional</animation>
					<animation effect="rotate" end="-360" time="12000" loop="true" center="auto" condition="true">Conditional</animation>
					<animation effect="rotatey" end="-360" time="12500" loop="true" center="auto" condition="true">Conditional</animation>
				</control>
				<control type="image">
					<left>980</left>
					<width>55</width>
					<height>55</height>
					<texture>snow/snow2.png</texture>
					<aspectratio scalediffuse="false">keep</aspectratio>
					<animation effect="slide" start="0,-560" end="0,1180" time="30000" delay="0" reversible="false" loop="true" condition="true">Conditional</animation>
					<animation effect="rotate" end="-360" time="10000" loop="true" center="auto" condition="true">Conditional</animation>
					<animation effect="rotatey" end="-360" time="15000" loop="true" center="auto" condition="true">Conditional</animation>
				</control>
				<control type="image">
					<left>1100</left>
					<width>55</width>
					<height>55</height>
					<texture>snow/snow4.png</texture>
					<aspectratio scalediffuse="false">keep</aspectratio>
					<animation effect="slide" start="0,-700" end="0,1180" time="24000" delay="0" reversible="false" loop="true" condition="true">Conditional</animation>
					<animation effect="rotate" end="-360" time="8000" loop="true" center="auto" condition="true">Conditional</animation>
					<animation effect="rotatey" end="-360" time="12000" loop="true" center="auto" condition="true">Conditional</animation>
				</control>
				<control type="image">
					<left>1375</left>
					<width>55</width>
					<height>55</height>
					<texture>snow/snow2.png</texture>
					<aspectratio scalediffuse="false">keep</aspectratio>
					<animation effect="slide" start="0,-1000" end="0,1180" time="35000" delay="0" reversible="false" loop="true" condition="true">Conditional</animation>
					<animation effect="rotate" end="-360" time="12000" loop="true" center="auto" condition="true">Conditional</animation>
					<animation effect="rotatey" end="-360" time="17500" loop="true" center="auto" condition="true">Conditional</animation>
				</control>
				<control type="image">
					<left>1615</left>
					<width>55</width>
					<height>55</height>
					<texture>snow/snow3.png</texture>
					<aspectratio scalediffuse="false">keep</aspectratio>
					<animation effect="slide" start="0,-460" end="0,1180" time="23000" delay="0" reversible="false" loop="true" condition="true">Conditional</animation>
					<animation effect="rotate" end="-360" time="12000" loop="true" center="auto" condition="true">Conditional</animation>
					<animation effect="rotatey" end="-360" time="11500" loop="true" center="auto" condition="true">Conditional</animation>
				</control>
				<control type="image">
					<left>1826</left>
					<width>55</width>
					<height>55</height>
					<texture>snow/snow5.png</texture>
					<aspectratio scalediffuse="false">keep</aspectratio>
					<animation effect="slide" start="0,-450" end="0,1180" time="24000" delay="0" reversible="false" loop="true" condition="true">Conditional</animation>
					<animation effect="rotate" end="-360" time="12000" loop="true" center="auto" condition="true">Conditional</animation>
					<animation effect="rotatey" end="-360" time="12000" loop="true" center="auto" condition="true">Conditional</animation>
				</control>
			</control>
		</control>
	</include>

<!--HOME BACKGROUND IMAGE-->	
	
	<include name="HomeBackground">
		<control type="image">
			<description>Home Background Image</description>
			<animation effect="fade" time="600" condition="true">WindowOpen</animation>
			<animation effect="fade" time="600" condition="true">WindowClose</animation>
			<include>FullscreenDimensions</include>
<!-- 			<aspectratio>scale</aspectratio> -->
			<texture fallback="special://skin/backgrounds/default_bg.jpg">$INFO[Skin.String(homeBG)]</texture>
		</control>
	</include>

<!--SETTINGS BACKGROUND IMAGE-->	
	
	<include name="SettingsBackground">
		<control type="image">
			<description>Settings Background Image</description>
			<animation effect="fade" time="600" condition="true">WindowOpen</animation>
			<animation effect="fade" time="600" condition="true">WindowClose</animation>
			<include>FullscreenDimensions</include>
<!-- 			<aspectratio>scale</aspectratio> -->
			<texture fallback="special://skin/backgrounds/default_bg.jpg">$INFO[Skin.String(settingsBG)]</texture>
		</control>
	</include>
	
<!--LOGIN SCREEN BACKGROUND IMAGE-->	
	
	<include name="LoginScreenBackground">
		<control type="image">
			<description>Login Screen Background Image</description>
			<animation effect="fade" time="600" condition="true">WindowOpen</animation>
			<animation effect="fade" time="600" condition="true">WindowClose</animation>
			<include>FullscreenDimensions</include>
<!-- 			<aspectratio>scale</aspectratio> -->
			<texture fallback="special://skin/backgrounds/default_bg.jpg">$INFO[Skin.String(loginBG)]</texture>
		</control>
	</include>

<!--BACKGROUND OVERLAY IMAGE-->	
	
	<include name="BackgroundOverlayImage">
		<control type="image">
			<description>Background Overlay Image</description>
			<include>FullscreenDimensions</include>
			<texture border="1">back.png</texture>
		</control>
	</include>	
	
<!-- HOME MENU BARS -->
	
	<include name="HomeMenuBar">
		<control type="image">
			<top>382</top>
			<width>1920</width>
			<height>286</height>
			<texture colordiffuse="themecolor" fallback="special://skin/media/homemenu_back.png">$INFO[Skin.String(homemenubar)]</texture>
			<visible>!Skin.HasSetting(disable.home.menu.bar) + !Skin.HasSetting(main.menu.layout)</visible>
		</control>
	</include>
	<include name="HomeMenuBar2">
		<control type="image">
			<top>382</top>
			<width>1920</width>
			<height>286</height>
			<texture colordiffuse="themecolor" fallback="special://skin/media/homemenu_back.png">$INFO[Skin.String(homemenubar)]</texture>
			<visible>!Skin.HasSetting(disable.home.menu.bar) + !Skin.HasSetting(main.menu.layout)</visible>
		</control>
	</include>
	
<!-- MULTI-IMAGE BACKGROUNDS -->	
	
	<include name="MultiImageBackground">
		<control type="multiimage">
			<include>FullscreenDimensions</include>
			<aspectratio>stretch</aspectratio>
			<randomize>false</randomize>
			<timeperimage>6000</timeperimage>
<!-- 			<fadetime>$INFO[Skin.String(MultiImageBackgroundFadeTime)]</fadetime> -->
			<fadetime>1500</fadetime>
			<pauseatend>6000</pauseatend>
			<imagepath fallback="special://skin/backgrounds/default_bg.jpg" background="true">$INFO[Skin.String(MultiImageBackground)]</imagepath>
		</control>
	</include>
	
	<include name="SettingsMultiImageBackground">
		<control type="multiimage">
			<include>FullscreenDimensions</include>
			<aspectratio>stretch</aspectratio>
			<randomize>false</randomize>
			<timeperimage>6000</timeperimage>
<!-- 			<fadetime>$INFO[Skin.String(MultiImageBackgroundFadeTime)]</fadetime> -->
			<fadetime>1500</fadetime>
			<pauseatend>6000</pauseatend>
			<imagepath fallback="special://skin/backgrounds/default_bg.jpg" background="true">$INFO[Skin.String(SettingsMultiImageBackground)]</imagepath>
		</control>
	</include>

	<include name="GlobalFanart">
		<control type="list" id="9033">
			<include>HiddenList</include>
			<content>
				<include condition="Window.IsActive(pictures)">PicturesFallback</include>
				<include condition="Window.IsActive(music) | Window.IsActive(musicplaylist)">MusicFallback</include>
				<include condition="Window.IsActive(MyPVRChannels.xml) | Window.IsActive(MyPVRGuide.xml) | Window.IsActive(MyPVRRecordings.xml) | Window.IsActive(MyPVRSearch.xml) | Window.IsActive(MyPVRTimers.xml)">LiveTVFallback</include>
				<include condition="Window.IsActive(programs) | Window.IsActive(1133)">AppsFallback</include>
				<include condition="Window.IsActive(SettingsCategory.xml) | Window.IsActive(systeminfo) | Window.IsActive(skinsettings) | Window.IsActive(settings) | Window.IsActive(addonbrowser) | Window.IsActive(filemanager) | Window.IsActive(eventlog) | Window.IsActive(ProfileSettings)">SystemFallback</include>
				<include condition="Window.IsActive(videos) | Window.IsActive(videoplaylist)">VideoFallback</include>
				<include condition="Window.IsActive(games)">GamesFallback</include>
				<item>
					<onclick>noop</onclick>
					<thumb>$INFO[Window(home).Property(fakelabel)]</thumb>
					<visible>no</visible>
				</item>
			</content>
		</control>
		<control type="multiimage">
			<description>Normal Default Background Image</description>
			<include>FullscreenDimensions</include>
			<imagepath fallback="special://skin/backgrounds/default_bg.jpg" background="true">$VAR[GlobalBackgroundVar]</imagepath>
		</control>
	</include>
	<include name="HomeFanart">
		<control type="multiimage">
			<description>Normal Default Background Image</description>
			<include>FullscreenDimensions</include>
			<imagepath fallback="special://skin/backgrounds/default_bg.jpg" background="true">$VAR[HomeBackgroundVar]</imagepath>
			<visible>![ControlGroup(9003).HasFocus() | ControlGroup(9004).HasFocus()]</visible>
			<include>VisibleFadeAnimation</include>
		</control>
		<control type="image">
			<description>Widget background image</description>
			<aspectratio align="center">scale</aspectratio>
			<include>FullscreenDimensions</include>
			<fadetime>600</fadetime>
			<texture fallback="special://skin/backgrounds/default_bg.jpg" background="true">$VAR[WidgetFanartVar]</texture>
			<visible>[ControlGroup(9003).HasFocus() | ControlGroup(9004).HasFocus()] | [[ControlGroup(9003).HasFocus() | ControlGroup(9004).HasFocus()] + System.HasModalDialog]</visible>
			<include>VisibleFadeAnimation</include>
		</control>
	</include>
	<include name="TVShowNextAiredBackground">
		<control type="group">
			<visible>!String.IsEmpty(Window(home).Property(TVGuide.BackgroundFanart))</visible>
			<control type="image">
				<include>FullscreenDimensions</include>
				<aspectratio>scale</aspectratio>
				<texture background="true">$INFO[Container(200).ListItem.Property(Fanart)]</texture>
				<visible>Control.HasFocus(200)</visible>
				<fadetime>600</fadetime>
				<animation effect="fade" time="600">Visible</animation>
				<animation effect="fade" time="600">Hidden</animation>
			</control>
			<control type="image">
				<include>FullscreenDimensions</include>
				<aspectratio>scale</aspectratio>
				<texture background="true">$INFO[Container(201).ListItem.Property(Fanart)]</texture>
				<visible>Control.HasFocus(201)</visible>
				<fadetime>600</fadetime>
				<animation effect="fade" time="600">Visible</animation>
				<animation effect="fade" time="600">Hidden</animation>
			</control>
			<control type="image">
				<include>FullscreenDimensions</include>
				<aspectratio>scale</aspectratio>
				<texture background="true">$INFO[Container(202).ListItem.Property(Fanart)]</texture>
				<visible>Control.HasFocus(202)</visible>
				<fadetime>600</fadetime>
				<animation effect="fade" time="600">Visible</animation>
				<animation effect="fade" time="600">Hidden</animation>
			</control>
			<control type="image">
				<include>FullscreenDimensions</include>
				<aspectratio>scale</aspectratio>
				<texture background="true">$INFO[Container(203).ListItem.Property(Fanart)]</texture>
				<visible>Control.HasFocus(203)</visible>
				<fadetime>600</fadetime>
				<animation effect="fade" time="600">Visible</animation>
				<animation effect="fade" time="600">Hidden</animation>
			</control>
			<control type="image">
				<include>FullscreenDimensions</include>
				<aspectratio>scale</aspectratio>
				<texture background="true">$INFO[Container(204).ListItem.Property(Fanart)]</texture>
				<visible>Control.HasFocus(204)</visible>
				<fadetime>600</fadetime>
				<animation effect="fade" time="600">Visible</animation>
				<animation effect="fade" time="600">Hidden</animation>
			</control>
			<control type="image">
				<include>FullscreenDimensions</include>
				<aspectratio>scale</aspectratio>
				<texture background="true">$INFO[Container(205).ListItem.Property(Fanart)]</texture>
				<visible>Control.HasFocus(205)</visible>
				<fadetime>600</fadetime>
				<animation effect="fade" time="600">Visible</animation>
				<animation effect="fade" time="600">Hidden</animation>
			</control>
			<control type="image">
				<include>FullscreenDimensions</include>
				<aspectratio>scale</aspectratio>
				<texture background="true">$INFO[Container(206).ListItem.Property(Fanart)]</texture>
				<visible>Control.HasFocus(206)</visible>
				<fadetime>600</fadetime>
				<animation effect="fade" time="600">Visible</animation>
				<animation effect="fade" time="600">Hidden</animation>
			</control>
		</control>
	</include>
	<include name="WeatherBackground">
		<control type="multiimage">
			<include>FullscreenDimensions</include>
			<imagepath background="true">$INFO[Skin.String(weatherfanart.path)]$INFO[Window(Weather).Property(Current.FanartCode)]$VAR[WeatherBackgroundTypeVar]</imagepath>
			<timeperimage>10000</timeperimage>
			<randomize>true</randomize>
			<fadetime>1000</fadetime>
			<animation effect="fade" time="200">WindowClose</animation>
		</control>
	</include>
	<include name="MusicFallback">
		<item>
			<onclick>noop</onclick>
			<thumb>$INFO[Skin.String(Music.Fallback)]</thumb>
		</item>
	</include>
	<include name="SystemFallback">
		<item>
			<onclick>noop</onclick>
			<thumb>$INFO[Skin.String(System.Fallback)]</thumb>
		</item>
	</include>
	<include name="LiveTVFallback">
		<item>
			<onclick>noop</onclick>
			<thumb>$INFO[Skin.String(LiveTV.Fallback)]</thumb>
		</item>
	</include>
	<include name="PicturesFallback">
		<item>
			<onclick>noop</onclick>
			<thumb>$INFO[Skin.String(Pictures.Fallback)]</thumb>
		</item>
	</include>
	<include name="AppsFallback">
		<item>
			<onclick>noop</onclick>
			<thumb>$INFO[Skin.String(Apps.Fallback)]</thumb>
		</item>
	</include>
	<include name="GamesFallback">
		<item>
			<onclick>noop</onclick>
			<thumb>$INFO[Skin.String(Games.Fallback)]</thumb>
		</item>
	</include>
	<include name="VideoFallback">
		<item>
			<onclick>noop</onclick>
			<thumb>$INFO[Skin.String(Movies.Fallback)]</thumb>
			<visible>Container.Content(movies)</visible>
		</item>
		<item>
			<onclick>noop</onclick>
			<thumb>$INFO[Skin.String(TVShows.Fallback)]</thumb>
			<visible>Container.Content(tvshows) | Container.Content(seasons) | Container.Content(episodes)</visible>
		</item>
		<item>
			<onclick>noop</onclick>
			<thumb>$INFO[Skin.String(MusicVideos.Fallback)]</thumb>
			<visible>Container.Content(musicvideos)</visible>
		</item>
		<item>
			<onclick>noop</onclick>
			<thumb>$INFO[Skin.String(Videos.Fallback)]</thumb>
			<visible>![Container.Content(tvshows) | Container.Content(seasons) | Container.Content(episodes) | Container.Content(movies)]</visible>
		</item>
	</include>
	<include name="GlobalSearchBG">
		<control type="image">
			<texture background="true" fallback="backgrounds/default_bg.jpg">$INFO[Container(111).ListItem.Property(Fanart)]</texture>
			<aspectratio>scale</aspectratio>
			<fadetime>600</fadetime>
			<visible>Control.HasFocus(111)</visible>
			<animation effect="fade" time="600">Visible</animation>
			<animation effect="fade" time="600">Hidden</animation>
			<animation effect="fade" time="200">WindowClose</animation>
		</control>
		<control type="image">
			<texture background="true" fallback="backgrounds/default_bg.jpg">$INFO[Container(121).ListItem.Property(Fanart)]</texture>
			<aspectratio>scale</aspectratio>
			<fadetime>600</fadetime>
			<visible>Control.HasFocus(121)</visible>
			<animation effect="fade" time="600">Visible</animation>
			<animation effect="fade" time="600">Hidden</animation>
			<animation effect="fade" time="200">WindowClose</animation>
		</control>
		<control type="image">
			<texture background="true" fallback="backgrounds/default_bg.jpg">$INFO[Container(131).ListItem.Property(Fanart)]</texture>
			<aspectratio>scale</aspectratio>
			<fadetime>600</fadetime>
			<visible>Control.HasFocus(131)</visible>
			<animation effect="fade" time="600">Visible</animation>
			<animation effect="fade" time="600">Hidden</animation>
			<animation effect="fade" time="200">WindowClose</animation>
		</control>
		<control type="image">
			<texture background="true" fallback="backgrounds/default_bg.jpg">$INFO[Container(141).ListItem.Property(Fanart)]</texture>
			<aspectratio>scale</aspectratio>
			<fadetime>600</fadetime>
			<visible>Control.HasFocus(141)</visible>
			<animation effect="fade" time="600">Visible</animation>
			<animation effect="fade" time="600">Hidden</animation>
			<animation effect="fade" time="200">WindowClose</animation>
		</control>
		<control type="image">
			<texture background="true" fallback="backgrounds/default_bg.jpg">$INFO[Container(151).ListItem.Property(Fanart)]</texture>
			<aspectratio>scale</aspectratio>
			<fadetime>600</fadetime>
			<visible>Control.HasFocus(151)</visible>
			<animation effect="fade" time="600">Visible</animation>
			<animation effect="fade" time="600">Hidden</animation>
			<animation effect="fade" time="200">WindowClose</animation>
		</control>
		<control type="image">
			<texture background="true" fallback="backgrounds/default_bg.jpg">$INFO[Container(161).ListItem.Property(Fanart)]</texture>
			<aspectratio>scale</aspectratio>
			<fadetime>600</fadetime>
			<visible>Control.HasFocus(161)</visible>
			<animation effect="fade" time="600">Visible</animation>
			<animation effect="fade" time="600">Hidden</animation>
			<animation effect="fade" time="200">WindowClose</animation>
		</control>
		<control type="image">
			<texture background="true" fallback="backgrounds/default_bg.jpg">$INFO[Container(171).ListItem.Property(Fanart)]</texture>
			<aspectratio>scale</aspectratio>
			<fadetime>600</fadetime>
			<visible>Control.HasFocus(171)</visible>
			<animation effect="fade" time="600">Visible</animation>
			<animation effect="fade" time="600">Hidden</animation>
			<animation effect="fade" time="200">WindowClose</animation>
		</control>
		<control type="image">
			<texture background="true" fallback="backgrounds/default_bg.jpg">$INFO[Container(181).ListItem.Property(Fanart)]</texture>
			<aspectratio>scale</aspectratio>
			<fadetime>600</fadetime>
			<visible>Control.HasFocus(181)</visible>
			<animation effect="fade" time="600">Visible</animation>
			<animation effect="fade" time="600">Hidden</animation>
			<animation effect="fade" time="200">WindowClose</animation>
		</control>
		<control type="image">
			<texture background="true" fallback="backgrounds/default_bg.jpg">$INFO[Container(211).ListItem.Property(Fanart)]</texture>
			<aspectratio>scale</aspectratio>
			<fadetime>600</fadetime>
			<visible>Control.HasFocus(211)</visible>
			<animation effect="fade" time="600">Visible</animation>
			<animation effect="fade" time="600">Hidden</animation>
			<animation effect="fade" time="200">WindowClose</animation>
		</control>
		<control type="image">
			<texture background="true" fallback="backgrounds/default_bg.jpg">$INFO[Container(221).ListItem.Property(Fanart)]</texture>
			<aspectratio>scale</aspectratio>
			<fadetime>600</fadetime>
			<visible>Control.HasFocus(221)</visible>
			<animation effect="fade" time="600">Visible</animation>
			<animation effect="fade" time="600">Hidden</animation>
			<animation effect="fade" time="200">WindowClose</animation>
		</control>
		<control type="image">
			<texture background="true" fallback="backgrounds/default_bg.jpg">$INFO[Container(231).ListItem.Property(Fanart)]</texture>
			<aspectratio>scale</aspectratio>
			<fadetime>600</fadetime>
			<visible>Control.HasFocus(231)</visible>
			<animation effect="fade" time="600">Visible</animation>
			<animation effect="fade" time="600">Hidden</animation>
			<animation effect="fade" time="200">WindowClose</animation>
		</control>
	</include>
	<include name="LibreELECBG">
		<control type="image">
			<texture background="true">special://skin/backgrounds/le_bg.jpg</texture>
			<aspectratio>scale</aspectratio>
			<fadetime>600</fadetime>
			<animation effect="fade" time="600">Visible</animation>
			<animation effect="fade" time="600">Hidden</animation>
			<animation effect="fade" time="200">WindowClose</animation>
		</control>
	</include>
</includes>