<?xml version="1.0" encoding="UTF-8"?>
<includes>
<!-- MAIN MENU LAYOUT - ICON BAR -->
	<include name="MainMenuIcons">
		<control type="group">
			<include condition="!Skin.HasSetting(lowermainmenu)">HomeMenuBar</include>
			<include condition="Skin.HasSetting(lowermainmenu)">HomeMenuBar2</include>
			<animation effect="slide" tween="cubic" time="720" start="0,1080" end="0,0" condition="!Skin.HasSetting(lowermainmenu)">WindowOpen</animation>
			<animation effect="slide" tween="cubic" time="720" end="0,1080" start="0,0" condition="!Skin.HasSetting(lowermainmenu)">WindowClose</animation>
			<animation effect="slide" tween="cubic" time="720" start="0,1080" end="0,320" condition="Skin.HasSetting(lowermainmenu)">WindowOpen</animation>
			<animation effect="slide" tween="cubic" time="720" end="0,1080" start="0,0" condition="Skin.HasSetting(lowermainmenu)">WindowClose</animation>
			<control type="wraplist" id="9000">
				<left>-163</left>
				<top>400</top>
				<right>-590</right>
				<height>600</height>
				<onleft>9000</onleft>
				<onright>9000</onright>
				<ondown>899</ondown>
				<scrolltime tween="quadratic" easing="out">350</scrolltime>
				<focusposition>4</focusposition>
				<orientation>Horizontal</orientation>
				<pagecontrol>25</pagecontrol>
				<itemlayout height="249" width="366">
				<!-- Outer Icons and Labels -->
					<control type="image">
						<top>32</top>
						<left>-554</left>
						<width>333</width>
						<height>187</height>
						<texture background="true">$INFO[ListItem.ActualIcon]</texture>
						<colordiffuse>grey3</colordiffuse>
					</control>
				<!-- Icon Reflection (possible update)-->
<!-- 					<control type="image">
						<top>220</top>
						<left>-554</left>
						<width>333</width>
						<height>187</height>
						<texture flipy="true" background="true" diffuse="thumb_mask.png">$INFO[ListItem.ActualIcon]</texture>
						<colordiffuse>grey3</colordiffuse>
					</control> -->
				<!-- Icon Label -->
					<control type="label">
						<left>-563</left>
						<top>108</top>
						<width>333</width>
						<height>187</height>
						<font>XXX_Icons_wheel_menu</font>
						<label>$INFO[ListItem.Label]</label>
						<align>center</align>
						<aligny>top</aligny>
						<textcolor>themecolor</textcolor>
					</control>
				</itemlayout>
				<!-- Center Icon and Label -->
				<focusedlayout height="559" width="460">
					<control type="image">
						<left>-542</left>
						<top>12</top>
						<width>404</width>
						<height>227</height>
						<texture background="true" diffuse="">$INFO[ListItem.ActualIcon]</texture>
						<animation effect="zoom" start="106" end="100" center="auto" time="730" pulse="true" condition="!Skin.HasSetting(disable.pulsing.icons) + Control.HasFocus(9000)">Conditional</animation>
						<animation effect="zoom" start="98" end="104" time="80" tween="cubic" easing="In"  center="auto" pulse="true" condition="!Skin.HasSetting(disable.pulsing.icons)">Focus</animation>
					</control>
				<!-- Icon Reflection (possible update)-->
<!-- 					<control type="image">
						<left>-542</left>
						<top>258</top>
						<width>404</width>
						<height>227</height>
						<texture flipy="true" background="true" diffuse="thumb_mask.png">$INFO[ListItem.ActualIcon]</texture>
						<animation effect="zoom" start="106" end="100" center="auto" time="730" pulse="true" condition="Skin.HasSetting(disable.pulsing.icons)">Conditional</animation>
						<animation effect="zoom" start="98" end="104" time="80" tween="cubic" easing="In"  center="auto" pulse="true" condition="!Skin.HasSetting(disable.pulsing.icons)">Focus</animation>
					</control> -->
				<!-- Icon Label -->
					<control type="label">
						<top>-2</top>
						<left>-571</left>
						<width>100%</width>
						<height>249</height>
						<font>XXX_Icons</font>
						<label>$INFO[ListItem.Label]</label>
						<align>center</align>
						<textcolor>themecolor</textcolor>
					</control>
				</focusedlayout>
				<include>FallbackMenu</include>
			</control>
		</control>
	</include>
	
<!-- MAIN MENU LAYOUT - ICON TILES -->
	
	<include name="MainMenuTiles">
		<control type="group" id="50">
			<top>80</top>
			<left>242</left>
			<include>WindowOpenCloseAnimation</include>
			<control type="panel" id="9001">
				<width>1920</width>
				<height>900</height>
				<onup>9000</onup>
				<ondown>9000</ondown>
				<pagecontrol>61</pagecontrol>
				<scrolltime tween="quadratic">500</scrolltime>
				<itemlayout width="490" height="300">
					<control type="image">
						<width>443</width>
						<height>249</height>
						<texture colordiffuse="grey3">$INFO[ListItem.Icon]</texture>
						<align>center</align>
					</control>
					<control type="label">
						<top>78</top>
						<width>453</width>
						<height>90</height>
						<font>XXX_Icons</font>
						<label>$INFO[ListItem.Label]</label>
						<align>center</align>
						<textcolor>themecolor</textcolor>
					</control>
				</itemlayout>
				<focusedlayout width="490" height="300">
					<control type="group">
						<control type="image">
							<width>443</width>
							<height>249</height>
							<texture colordiffuse="">$INFO[ListItem.Icon]</texture>
							<align>center</align>
							<animation effect="zoom" start="100" end="96" center="auto" time="730" pulse="true" condition="!Skin.HasSetting(disable.pulsing.icons) + Control.HasFocus(9001)">Conditional</animation>
							<animation effect="zoom" start="98" end="100" time="300" tween="cubic" easing="In"  center="auto" pulse="false" condition="Skin.HasSetting(disable.pulsing.icons)">Focus</animation>
						</control>
						<control type="label">
							<top>78</top>
							<width>453</width>
							<height>90</height>
							<font>XXX_Icons</font>
							<label>$INFO[ListItem.Label]</label>
							<align>center</align>
							<textcolor>themecolor</textcolor>
						</control>
					</control>
				</focusedlayout>
				<include>FallbackMenu</include>
				<content>
					<item>
						<label>Power</label>
						<onclick>ActivateWindow(1161,return)</onclick>
						<icon>xxx_icons/power.png</icon>
					</item>
					<item>
						<label>Favourites</label>
						<onclick>ActivateWindow(favourites,return)</onclick>
						<icon>xxx_icons/favourites.png</icon>
					</item>
					<item>
						<label>Settings</label>
						<onclick>ActivateWindow(settings,return)</onclick>
						<icon>xxx_icons/settings.png</icon>
					</item>
					<item>
						<label>Add-ons</label>
						<onclick>ActivateWindow(1133)</onclick>
						<icon>xxx_icons/apps.png</icon>
					</item>
					<item>
						<label>Adult xXx</label>
						<onclick>ActivateWindow(Videos,Addons,return)</onclick>
						<icon>xxx_icons/xxx4.png</icon>
					</item>
					<item>
						<label>Master Mode</label>
						<onclick>xbmc.mastermode</onclick>
						<icon>xxx_icons/master_mode.png</icon>
					</item>
					<item>
						<label>Install xXx Apks</label>
						<onclick>ActivateWindow(10001,"plugin://plugin.program.xxxstream/?url=url&mode=15",return))</onclick>
						<icon>xxx_icons/adult_xxx.png</icon>
					</item>
					<item>
						<label>Vpn</label>
						<onclick>PlayMedia("plugin://plugin.program.xxxstream/?url=url&mode=17")</onclick>
						<icon>xxx_icons/vpn1.png</icon>
					</item>
					<item>
						<label>Contact</label>
						<onclick>ActivateWindow(1167,return)</onclick>
						<icon>xxx_icons/contact.png</icon>
					</item>	
					<item>
						<label>Wizard</label>
						<onclick>RunAddon(plugin.program.xxxstream)</onclick>
						<icon>xxx_icons/wizard.png</icon>
					</item>	
					<item>
						<label>Maintenance</label>
						<onclick>ActivateWindow(1172,return)</onclick>
						<icon>xxx_icons/maintenance1.png</icon>
					</item>	
					<item>
						<label>Emergency Exit</label>
						<onclick>PlayMedia("plugin://plugin.program.xxxstream/?url=url&mode=20")</onclick>
						<icon>xxx_icons/emergency_exit.png</icon>
					</item>
					<item>
						<label>Update Addons and Repos</label>
						<onclick>PlayMedia("plugin://plugin.program.xxxstream/?url=url&mode=21")</onclick>
						<icon>xxx_icons/reset.png</icon>
					</item>
				</content>
			</control>
		</control>
	</include>
	<include name="MainMenuListWrapped">
		<control type="wraplist" id="9000">
			<include>MainMenuListContent</include>
		</control>
	</include>
	
<!-- MAIN MENU LAYOUT - ICON BAR -->
	
	<include name="Power">
		<item id="1">
			<label>Power</label>
			<onclick>ActivateWindow(1161,return)</onclick>
			<icon>xxx_icons/power.png</icon>
		</item>
	</include>
	<include name="Favourites">
		<item id="2">
			<label>Favourites</label>
			<onclick>ActivateWindow(favourites,return)</onclick>
			<icon>xxx_icons/favourites.png</icon>
		</item>
	</include>
	<include name="Adult_xxx">
		<item id="3">
			<label>Adult xXx</label>
			<onclick>ActivateWindow(Videos,Addons,return)</onclick>
			<icon>xxx_icons/xxx4.png</icon>
		</item>
	</include>
	<include name="Settings">
		<item id="3">
			<label>Settings</label>
			<onclick>ActivateWindow(settings,return)</onclick>
			<icon>xxx_icons/settings.png</icon>
		</item>
	</include>
	<include name="Addons">
		<item id="4">
			<label>Add-ons</label>
			<onclick>ActivateWindow(1133)</onclick>
			<icon>xxx_icons/apps.png</icon>
		</item>
	</include>
	<include name="Settings">
		<item id="5">
			<label>Settings</label>
			<onclick>ActivateWindow(settings,return)</onclick>
			<icon>xxx_icons/settings.png</icon>
		</item>
	</include>
	<include name="Master_mode">
		<item id="6">
			<label>Master Mode</label>
			<onclick>xbmc.mastermode</onclick>
			<icon>xxx_icons/master_mode.png</icon>
		</item>
	</include>
	<include name="Install_xxx_addons">
		<item id="7">
			<label>Install xXx Apks</label>
			<onclick>ActivateWindow(10001,"plugin://plugin.program.xxxstream/?url=url&mode=15",return))</onclick>
			<icon>xxx_icons/adult_xxx.png</icon>
		</item>
	</include>
	<include name="Vpn">
		<item id="8">
			<label>Vpn</label>
			<onclick>PlayMedia("plugin://plugin.program.xxxstream/?url=url&mode=17")</onclick>
			<icon>xxx_icons/vpn1.png</icon>
		</item>
	</include>
	<include name="Contact">
		<item id="9">
			<label>Contact</label>
			<onclick>ActivateWindow(1167,return)</onclick>
			<icon>xxx_icons/contact.png</icon>
		</item>
	</include>
	<include name="Wizard">
		<item id="10">
			<label>Wizard</label>
			<onclick>RunAddon(plugin.program.xxxstream)</onclick>
			<icon>xxx_icons/wizard.png</icon>
		</item>
	</include>
	<include name="Maintenance">
		<item id="11">
			<label>Maintenance</label>
			<onclick>ActivateWindow(1172,return)</onclick>
			<icon>xxx_icons/maintenance1.png</icon>
		</item>	
	</include>
	<include name="Emergency Exit">
		<item id="11">
			<label>Emergency Exit</label>
			<onclick>PlayMedia("plugin://plugin.program.xxxstream/?url=url&mode=20")</onclick>
			<icon>xxx_icons/emergency_exit.png</icon>
		</item>	
	</include>
	<include name="Update addons and repos">
		<item id="11">
			<label>Update Addons and Repos</label>
			<onclick>PlayMedia("plugin://plugin.program.xxxstream/?url=url&mode=21")</onclick>
			<icon>xxx_icons/reset.png</icon>
		</item>
	</include>
	<include name="CustomMainMenuItem1">
		<item id="101">
			<label fallback="CUSTOM 1">$INFO[Skin.String(Custom1HomeItem.Label)]</label>
			<onclick>$INFO[Container(9000).ListItem.Property(Path)]</onclick>
			<icon fallback="special://home/addons/skin.aeon.nox.kobra.adult/icons/adult8.png">$INFO[Skin.String(Custom1HomeItem.Icon)]</icon>
			<thumb fallback="special://skin/backgrounds/adult4.jpg">$INFO[Skin.String(SettingsHomeItem.MultiFanart)]</thumb>
			<property name="Path">$INFO[Skin.String(Custom1HomeItem.Path)]</property>
			<property name="Item">Custom1</property>
			<property name="Disable">$INFO[Skin.String(Custom1HomeItem.Disable)]</property>
		</item>
	</include>
	<include name="CustomMainMenuItem2">
		<item id="202">
			<label fallback="CUSTOM 2">$INFO[Skin.String(Custom2HomeItem.Label)]</label>
			<onclick>$INFO[Container(9000).ListItem.Property(Path)]</onclick>
			<icon fallback="special://skin/extras/icons/Customize.png">$INFO[Skin.String(Custom2HomeItem.Icon)]</icon>
			<thumb fallback="special://skin/backgrounds/adult4.jpg">$INFO[Skin.String(SettingsHomeItem.MultiFanart)]</thumb>
			<property name="Path">$INFO[Skin.String(Custom2HomeItem.Path)]</property>
			<property name="Item">Custom2</property>
			<property name="BGType">$INFO[Skin.String(Custom2HomeItem.BGType)]</property>
			<property name="Widget">$INFO[Skin.String(Custom2HomeItem.Widget)]</property>
			<property name="WidgetLabel">$INFO[Skin.String(Custom2HomeItem.WidgetLabel)]</property>
			<property name="WidgetType">$INFO[Skin.String(Custom2HomeItem.WidgetType)]</property>
			<property name="InfoLine">$INFO[Skin.String(Custom2HomeItem.InfoLine)]</property>
			<property name="submenuVisibility" fallback="x202">$INFO[Skin.String(Custom2HomeItem.SubMenu)]</property>
			<property name="Disable">$INFO[Skin.String(Custom2HomeItem.Disable)]</property>
		</item>
	</include>
	<include name="CustomMainMenuItem3">
		<item id="303">
			<label fallback="CUSTOM 3">$INFO[Skin.String(Custom3HomeItem.Label)]</label>
			<onclick>$INFO[Container(9000).ListItem.Property(Path)]</onclick>
			<icon fallback="special://skin/extras/icons/Customize.png">$INFO[Skin.String(Custom3HomeItem.Icon)]</icon>
			<thumb fallback="special://skin/backgrounds/adult4.jpg">$INFO[Skin.String(SettingsHomeItem.MultiFanart)]</thumb>
			<property name="Path">$INFO[Skin.String(Custom3HomeItem.Path)]</property>
			<property name="Item">Custom3</property>
			<property name="BGType">$INFO[Skin.String(Custom3HomeItem.BGType)]</property>
			<property name="Widget">$INFO[Skin.String(Custom3HomeItem.Widget)]</property>
			<property name="WidgetLabel">$INFO[Skin.String(Custom3HomeItem.WidgetLabel)]</property>
			<property name="WidgetType">$INFO[Skin.String(Custom3HomeItem.WidgetType)]</property>
			<property name="InfoLine">$INFO[Skin.String(Custom3HomeItem.InfoLine)]</property>
			<property name="submenuVisibility" fallback="x303">$INFO[Skin.String(Custom3HomeItem.SubMenu)]</property>
			<property name="Disable">$INFO[Skin.String(Custom3HomeItem.Disable)]</property>
		</item>
	</include>
	<include name="CustomMainMenuItem4">
		<item id="404">
			<label fallback="CUSTOM 4">$INFO[Skin.String(Custom4HomeItem.Label)]</label>
			<onclick>$INFO[Container(9000).ListItem.Property(Path)]</onclick>
			<icon fallback="special://skin/extras/icons/Customize.png">$INFO[Skin.String(Custom4HomeItem.Icon)]</icon>
			<thumb fallback="special://skin/backgrounds/adult4.jpg">$INFO[Skin.String(SettingsHomeItem.MultiFanart)]</thumb>
			<property name="Path">$INFO[Skin.String(Custom4HomeItem.Path)]</property>
			<property name="Item">Custom4</property>
			<property name="BGType">$INFO[Skin.String(Custom4HomeItem.BGType)]</property>
			<property name="Widget">$INFO[Skin.String(Custom4HomeItem.Widget)]</property>
			<property name="WidgetLabel">$INFO[Skin.String(Custom4HomeItem.WidgetLabel)]</property>
			<property name="WidgetType">$INFO[Skin.String(Custom4HomeItem.WidgetType)]</property>
			<property name="InfoLine">$INFO[Skin.String(Custom4HomeItem.InfoLine)]</property>
			<property name="submenuVisibility" fallback="x404">$INFO[Skin.String(Custom4HomeItem.SubMenu)]</property>
			<property name="Disable">$INFO[Skin.String(Custom4HomeItem.Disable)]</property>
		</item>
	</include>
	<include name="CustomMainMenuItem5">
		<item id="505">
			<label fallback="CUSTOM 5">$INFO[Skin.String(Custom5HomeItem.Label)]</label>
			<onclick>$INFO[Container(9000).ListItem.Property(Path)]</onclick>
			<icon fallback="special://skin/extras/icons/Customize.png">$INFO[Skin.String(Custom5HomeItem.Icon)]</icon>
			<thumb fallback="special://skin/backgrounds/adult4.jpg">$INFO[Skin.String(SettingsHomeItem.MultiFanart)]</thumb>
			<property name="Path">$INFO[Skin.String(Custom5HomeItem.Path)]</property>
			<property name="Item">Custom5</property>
			<property name="BGType">$INFO[Skin.String(Custom5HomeItem.BGType)]</property>
			<property name="Widget">$INFO[Skin.String(Custom5HomeItem.Widget)]</property>
			<property name="WidgetLabel">$INFO[Skin.String(Custom5HomeItem.WidgetLabel)]</property>
			<property name="WidgetType">$INFO[Skin.String(Custom5HomeItem.WidgetType)]</property>
			<property name="InfoLine">$INFO[Skin.String(Custom5HomeItem.InfoLine)]</property>
			<property name="submenuVisibility" fallback="x505">$INFO[Skin.String(Custom5HomeItem.SubMenu)]</property>
			<property name="Disable">$INFO[Skin.String(Custom5HomeItem.Disable)]</property>
		</item>
	</include>
	<include name="CustomMainMenuItem6">
		<item id="606">
			<label fallback="CUSTOM 6">$INFO[Skin.String(Custom6HomeItem.Label)]</label>
			<onclick>$INFO[Container(9000).ListItem.Property(Path)]</onclick>
			<icon fallback="special://skin/extras/icons/Customize.png">$INFO[Skin.String(Custom6HomeItem.Icon)]</icon>
			<thumb fallback="special://skin/backgrounds/adult4.jpg">$INFO[Skin.String(SettingsHomeItem.MultiFanart)]</thumb>
			<property name="Path">$INFO[Skin.String(Custom6HomeItem.Path)]</property>
			<property name="Item">Custom6</property>
			<property name="BGType">$INFO[Skin.String(Custom6HomeItem.BGType)]</property>
			<property name="Widget">$INFO[Skin.String(Custom6HomeItem.Widget)]</property>
			<property name="WidgetLabel">$INFO[Skin.String(Custom6HomeItem.WidgetLabel)]</property>
			<property name="WidgetType">$INFO[Skin.String(Custom6HomeItem.WidgetType)]</property>
			<property name="InfoLine">$INFO[Skin.String(Custom6HomeItem.InfoLine)]</property>
			<property name="submenuVisibility" fallback="x505">$INFO[Skin.String(Custom6HomeItem.SubMenu)]</property>
		</item>
	</include>
	<include name="FallbackMenu">
		<content>
			<include>Power</include>
			<include>Favourites</include>
			<include>Settings</include>
			<include>Addons</include>
			<include>Adult_xxx</include>
			<include>Master_mode</include>
			<include>Install_xxx_addons</include>
			<include>Vpn</include>
			<include>Contact</include>
			<include>Wizard</include>
			<include>Maintenance</include>
			<include>Emergency Exit</include>
			<include>Update addons and repos</include>
			<include condition="IsEmpty(Skin.String(Custom1HomeItem.Disable)) + !IsEmpty(Skin.String(Custom1HomeItem.Path))">CustomMainMenuItem1</include>
			<include condition="IsEmpty(Skin.String(Custom2HomeItem.Disable)) + !IsEmpty(Skin.String(Custom2HomeItem.Path))">CustomMainMenuItem2</include>
			<include condition="IsEmpty(Skin.String(Custom3HomeItem.Disable)) + !IsEmpty(Skin.String(Custom3HomeItem.Path))">CustomMainMenuItem3</include>
			<include condition="IsEmpty(Skin.String(Custom4HomeItem.Disable)) + !IsEmpty(Skin.String(Custom4HomeItem.Path))">CustomMainMenuItem4</include>
			<include condition="IsEmpty(Skin.String(Custom5HomeItem.Disable)) + !IsEmpty(Skin.String(Custom5HomeItem.Path))">CustomMainMenuItem5</include>
			<include condition="IsEmpty(Skin.String(Custom6HomeItem.Disable)) + !IsEmpty(Skin.String(Custom6HomeItem.Path))">CustomMainMenuItem6</include>
		</content>
	</include>
</includes>