<?xml version="1.0" encoding="UTF-8"?>
<window>
	<defaultcontrol always="true">9000</defaultcontrol>
	<controls>
		<include condition="Skin.HasSetting(Disable.multi.fanart.backgrounds)">SettingsMultiImageBackground</include>
		<include condition="!Skin.HasSetting(Disable.multi.fanart.backgrounds)">HomeBackground</include>
		<include>TestGrid</include>
		<include>Topbar</include>
		<include>FloorImage1</include>
		<control type="group">
			<top>128</top>
			<left>SettingsLeft</left>
			<include content="WindowOpenCloseAnimation">
				<param name="windowOpen" value="!Window.Previous(SettingsCategory.xml)" />
				<param name="windowClose" value="!Window.Next(SettingsCategory.xml)" />
			</include>
			<include>SystemLeftPanel</include>
			<control type="panel" id="9000">
				<left>82</left>
				<top>32</top>
				<width>356</width>
				<height>720</height>
				<onleft>9010</onleft>
				<onright>9010</onright>
				<onup>9000</onup>
				<ondown>9000</ondown>
				<pagecontrol />
				<scrolltime tween="quadratic" easing="out">200</scrolltime>
				<visible>!Window.IsActive(1121)</visible>
				<include>SettingsFadeAnimation</include>
				<itemlayout height="90" width="356">
					<control type="image">
						<top>30</top>
						<width>356</width>
						<height>60</height>
						<texture border="1">separator2.png</texture>
					</control>
					<control type="label">
						<width>356</width>
						<height>90</height>
						<font>font15</font>
						<textoffsetx>20</textoffsetx>
						<textcolor>grey2</textcolor>
						<selectedcolor>selected</selectedcolor>
						<align>center</align>
						<label>$INFO[ListItem.Label]</label>
					</control>
				</itemlayout>
				<focusedlayout height="90" width="356">
					<control type="image">
						<top>30</top>
						<width>356</width>
						<height>60</height>
						<texture border="1">separator2.png</texture>
					</control>
					<control type="image">
						<width>356</width>
						<height>90</height>
						<texture border="4">listselect_fo.png</texture>
						<visible>Control.HasFocus(9000)</visible>
						<include>VisibleFadeAnimation</include>
					</control>
					<control type="label">
						<width>356</width>
						<height>90</height>
						<font>font15</font>
						<textoffsetx>20</textoffsetx>
						<textcolor>white</textcolor>
						<selectedcolor>selected</selectedcolor>
						<align>center</align>
						<label>$INFO[ListItem.Label]</label>
						<animation effect="fade" start="100" end="70" time="300" tween="sine" easing="inout" condition="!Control.HasFocus(9000)">Conditional</animation>
					</control>
				</focusedlayout>
				<content>
					<item id="1">
						<label>Home Window</label>
						<onclick>noop</onclick>
						<icon />
					</item>
					<item id="2">
						<label>Background Settings</label>
						<onclick>noop</onclick>
						<icon />
					</item>
					<item id="5">
						<label>Menu Furniture</label>
						<onclick>noop</onclick>
						<icon />
					</item>
					<item id="6">
						<label>Icons</label>
						<onclick>noop</onclick>
						<icon />
					</item>
					<item id="7">
						<label>General</label>
						<onclick>noop</onclick>
						<icon />
					</item>
					<item id="8">
						<label>Extras</label>
						<onclick>noop</onclick>
						<icon />
					</item>
					<item id="9">
						<label>Advanced</label>
						<onclick>noop</onclick>
						<icon />
					</item>
					<item id="10">
						<label>Restore Skin Defaults</label>
						<onclick>ActivateWindow(1166,return)</onclick>
						<icon />
					</item>
				</content>
			</control>
			<control type="image">
				<description>LOGO</description>
				<left>82</left>
				<top>752</top>
				<width>356</width>
				<height>120</height>
				<aspectratio>keep</aspectratio>
				<texture>aeon-nox-logo1.png</texture>
			</control>
			<include>SystemRightPanel</include>
			<control type="image">
				<description>separator image</description>
				<left>522</left>
				<top>692</top>
				<width>1316</width>
				<height>60</height>
				<texture border="1">separator2.png</texture>
			</control>
			<control type="textbox">
				<description>description area</description>
				<left>552</left>
				<top>754</top>
				<width>1256</width>
				<height>120</height>
				<font>font15_textbox</font>
				<textcolor>grey2</textcolor>
				<label>$VAR[SkinSettingsDescriptionVar]</label>
				<autoscroll time="3000" delay="4000" repeat="5000">true</autoscroll>
				<animation effect="fade" start="0" end="100" time="300" tween="sine" easing="inout">Visible</animation>
				<animation effect="fade" start="100" end="0" time="0" tween="sine" easing="inout">Hidden</animation>
				<visible>!Window.IsActive(1121)</visible>
			</control>
			<control type="group" id="9010">
				<visible>!Window.IsActive(1121)</visible>
				<include>SettingsFadeAnimation</include>
				<control type="grouplist" id="9001">
					<description>HOME WINDOW SETTINGS</description>
					<left>522</left>
					<top>32</top>
					<width>1316</width>
					<height>720</height>
					<pagecontrol>60</pagecontrol>
					<onleft>9000</onleft>
					<onright>60</onright>
					<onup>9001</onup>
					<ondown>9001</ondown>
					<visible>Container(9000).HasFocus(1)</visible>
					<control type="button" id="100">
						<width>1316</width>
						<height>90</height>
						<textoffsetx>30</textoffsetx>
						<font>font15</font>
						<label>31911</label>
						<onclick>ActivateWindow(1121)</onclick>
						<texturenofocus border="1">separator5.png</texturenofocus>
					</control>
					<control type="button" id="101">
						<width>1316</width>
						<height>90</height>
						<textoffsetx>30</textoffsetx>
						<font>font15</font>
						<label>31974</label>
						<label2>[COLOR themecolor]$VAR[MainmenuVar][/COLOR]</label2>
						<onclick>Skin.ToggleSetting(main.menu.layout)</onclick>
						<texturenofocus border="1">separator5.png</texturenofocus>
					</control>
					<control type="button" id="102">
						<width>1316</width>
						<height>90</height>
						<textoffsetx>30</textoffsetx>
						<font>font15</font>
						<label>31913</label>
						<label2>[COLOR themecolor]$VAR[lowermainmenuVar][/COLOR]</label2>
						<onclick>Skin.ToggleSetting(lowermainmenu)</onclick>
						<texturenofocus border="1">separator5.png</texturenofocus>
						<visible>!Skin.HasSetting(main.menu.layout)</visible>
					</control>
<!-- 					<control type="button" id="122">
						<width>1316</width>
						<height>90</height>
						<textoffsetx>30</textoffsetx>
						<font>font15</font>
						<label>Background Select</label>
						<label2>[COLOR labelheader]$VAR[HomeBackgroundVar][/COLOR]</label2>
						<onclick condition="String.IsEqual(Container(9000).ListItem.Thumb,1)">$INFO[Window(Home).Property(script.grab.fanart.Movie.FanArt)]</onclick>
						<onclick condition="String.IsEqual(Container(9000).ListItem.Thumb,2)">$INFO[Window(Home).Property(script.grab.fanart.TV.FanArt)]</onclick>
						<onclick condition="String.IsEqual(Container(9000).ListItem.Thumb,3)">$INFO[Window(Home).Property(script.grab.fanart.Video.FanArt)]</onclick>
						<onclick condition="String.IsEqual(Container(9000).ListItem.Thumb,4)">$INFO[Window(Home).Property(script.grab.fanart.Music.FanArt)]</onclick>
						<onclick condition="String.IsEqual(Container(9000).ListItem.Thumb,5)">$INFO[Window(Home).Property(script.grab.fanart.Global.FanArt)]</onclick>
						<onclick condition="String.IsEqual(Container(9000).ListItem.Thumb,6)">$INFO[Skin.String(weatherfanart.path)]$INFO[Window(Weather).Property(Current.FanartCode)]$VAR[WeatherBackgroundTypeVar]</onclick>
						<onclick condition="String.IsEqual(Container(9000).ListItem.Property(BGType),7)">$INFO[Container(9034).ListItem.Art(fanart)]</onclick>
						<onclick condition="String.IsEqual(Container(9000).ListItem.Property(BGType),4) | String.IsEqual(Container(9000).ListItem.Property(BGType),5)">special://skin/backgrounds/default_livecases.jpg</onclick>
						<onclick condition="String.IsEmpty(Container(9000).ListItem.Thumb)">$INFO[Window(home).Property(fakelabel)]</onclick>
						<onclick>$INFO[Container(9000).ListItem.Thumb]</onclick>
						<texturenofocus border="1">separator5.png</texturenofocus>
					</control> -->
<!-- 					<control type="radiobutton" id="999">
						<width>1316</width>
						<height>90</height>
						<textoffsetx>30</textoffsetx>
						<font>font15</font>
						<label>Toggle RSS feed (top and botton of the screen)</label>
						<onclick>Skin.ToggleSetting(Detach.RSS)</onclick>
						<selected>!Skin.HasSetting(Detach.RSS)</selected>
						<texturenofocus border="1">separator5.png</texturenofocus>
						<visible>Skin.HasSetting(disable.RSS.Feed)</visible>
					</control> -->
					<control type="radiobutton" id="104">
						<width>1316</width>
						<height>90</height>
						<textoffsetx>30</textoffsetx>
						<font>font15</font>
						<label>Enable/Disable RSS feed</label>
						<onclick>Skin.ToggleSetting(Disable.RSS.Feed)</onclick>
						<selected>Skin.HasSetting(Disable.RSS.Feed)</selected>
						<texturenofocus border="1">separator5.png</texturenofocus>
					</control>
					<control type="radiobutton" id="105">
						<width>1316</width>
						<height>90</height>
						<textoffsetx>30</textoffsetx>
						<font>font15</font>
						<label>20083</label>
						<onclick>Skin.ToggleSetting(Disable.Musicinfo)</onclick>
						<selected>!Skin.HasSetting(Disable.Musicinfo)</selected>
						<texturenofocus border="1">separator5.png</texturenofocus>
					</control>
					<control type="radiobutton" id="106">
						<width>1316</width>
						<height>90</height>
						<textoffsetx>30</textoffsetx>
						<font>font15</font>
						<label>20176</label>
						<onclick>Skin.ToggleSetting(Disable.Videoinfo)</onclick>
						<selected>!Skin.HasSetting(Disable.Videoinfo)</selected>
						<texturenofocus border="1">separator5.png</texturenofocus>
					</control>
					<control type="radiobutton" id="107">
						<width>1316</width>
						<height>90</height>
						<textoffsetx>30</textoffsetx>
						<font>font15</font>
						<label>$LOCALIZE[31160]</label>
						<onclick>Skin.ToggleSetting(Disable.FanartTitle)</onclick>
						<selected>!Skin.HasSetting(Disable.FanartTitle)</selected>
						<texturenofocus border="1">separator5.png</texturenofocus>
					</control>
					<control type="radiobutton" id="108">
						<width>1316</width>
						<height>90</height>
						<textoffsetx>30</textoffsetx>
						<font>font15</font>
						<label>Enable/Disable test grid</label>
						<onclick>Skin.ToggleSetting(Disable.test.grid)</onclick>
						<selected>Skin.HasSetting(Disable.test.grid)</selected>
						<texturenofocus border="1">separator5.png</texturenofocus>
						<visible>Skin.HasSetting(enable.debug.mode)</visible>
					</control>
					<control type="radiobutton" id="109">
						<width>1316</width>
						<height>90</height>
						<textoffsetx>30</textoffsetx>
						<font>font15</font>
						<label>Enable/Disable developer mode</label>
						<onclick>Skin.ToggleSetting(enable.debug.mode)</onclick>
						<selected>Skin.HasSetting(enable.debug.mode)</selected>
						<texturenofocus border="1">separator5.png</texturenofocus>
					</control>
				</control>
				<control type="grouplist" id="9005">
					<description>BACKGROUND PATH SETTINGS</description>
					<left>522</left>
					<top>32</top>
					<width>1316</width>
					<height>720</height>
					<pagecontrol>60</pagecontrol>
					<onleft>9000</onleft>
					<onright>60</onright>
					<onup>9005</onup>
					<ondown>9005</ondown>
					<visible>Container(9000).HasFocus(2)</visible>
					<control type="button" id="110">
						<width>1316</width>
						<height>90</height>
						<textoffsetx>30</textoffsetx>
						<font>font15</font>
						<label>Manage Backgrounds</label>
						<onclick>ActivateWindow(1170)</onclick>
						<texturenofocus border="1">separator5.png</texturenofocus>
					</control>
				</control>
				<control type="grouplist" id="9008">
					<description>SETTINGS BACKGROUND PATH MENU</description>
					<left>522</left>
					<top>32</top>
					<width>1316</width>
					<height>720</height>
					<pagecontrol>60</pagecontrol>
					<onleft>9000</onleft>
					<onright>60</onright>
					<onup>9008</onup>
					<ondown>9008</ondown>
					<visible>Container(9000).HasFocus(3)</visible>
					<control type="radiobutton" id="111">
						<width>1316</width>
						<height>90</height>
						<textoffsetx>30</textoffsetx>
						<font>font15</font>
						<label>Enable/Disable Multi Fanart Backgrounds</label>
						<onclick>Skin.ToggleSetting(Disable.multi.fanart.backgrounds)</onclick>
						<selected>Skin.HasSetting(Disable.multi.fanart.backgrounds)</selected>
						<texturenofocus border="1">separator5.png</texturenofocus>
					</control>
					<control type="button" id="112">
						<width>1316</width>
						<height>90</height>
						<textoffsetx>30</textoffsetx>
						<font>font15</font>
						<label>Set Multi Fanart Background Path</label>
						<onclick>Skin.SetPath(SettingsMultiImageBackground,http://www.wallpapersdb.org/wallpapers/3d/,path)</onclick>
						<texturenofocus border="1">separator5.png</texturenofocus>
						<visible>Skin.HasSetting(Disable.multi.fanart.backgrounds)</visible>
					</control>
					<control type="button" id="113">
						<width>1316</width>
						<height>90</height>
						<textoffsetx>30</textoffsetx>
						<font>font15</font>
						<label>Set Original Kobra XXX Backgrounds</label>
						<onclick>Skin.SetPath(SettingsMultiImageBackground,http://kodicustombuilds.com/adult/Backgrounds/Original_Kobra_XXX_Backgrounds/,path)</onclick>
						<texturenofocus border="1">separator5.png</texturenofocus>
						<visible>Skin.HasSetting(Disable.multi.fanart.backgrounds)</visible>
					</control>
					<control type="button" id="114">
						<width>1316</width>
						<height>90</height>
						<textoffsetx>30</textoffsetx>
						<font>font15</font>
						<label>[COLOR themecolor]Current Image Path |[/COLOR]</label>
						<label2>[COLOR ghostwhite]$INFO[Skin.String(SettingsMultiImageBackground)][/COLOR]</label2>
						<texturenofocus border="1">separator5.png</texturenofocus>
						<visible>Skin.HasSetting(Disable.multi.fanart.backgrounds)</visible>
					</control>
					<control type="button" id="115">
						<width>1316</width>
						<height>90</height>
						<textoffsetx>30</textoffsetx>
						<font>font15</font>
						<label>[COLOR themecolor]Current Image Path |[/COLOR] $INFO[Skin.String(settingsBG)]</label>
						<texturenofocus border="1">separator5.png</texturenofocus>
						<visible>!Skin.HasSetting(Disable.multi.fanart.backgrounds)</visible>
					</control>
					<control type="button" id="116">
						<width>1316</width>
						<height>90</height>
						<textoffsetx>30</textoffsetx>
						<font>font15</font>
						<label>Settings Menu Background (pack 1)</label>
						<onclick>Skin.SetImage(settingsBG,https://jorge.fbarr.net/files/wallpaper/,path)</onclick>
						<texturenofocus border="1">separator5.png</texturenofocus>
						<visible>!Skin.HasSetting(Disable.multi.fanart.backgrounds)</visible>
					</control>
					<control type="button" id="117">
						<width>1316</width>
						<height>90</height>
						<textoffsetx>30</textoffsetx>
						<font>font15</font>
						<label>Setttings Menu Background (pack 2)</label>
						<onclick>Skin.SetImage(settingsBG,http://www.wallpapersdb.org/wallpapers/3d/,path)</onclick>
						<texturenofocus border="1">separator5.png</texturenofocus>
						<visible>!Skin.HasSetting(Disable.multi.fanart.backgrounds)</visible>
					</control>
					<control type="button" id="118">
						<width>1316</width>
						<height>90</height>
						<textoffsetx>30</textoffsetx>
						<font>font15</font>
						<label>Setttings Menu Background (pack 3)</label>
						<onclick>Skin.SetImage(settingsBG,http://davidszervereiinfo.pe.hu/wallpapers/,path)</onclick>
						<texturenofocus border="1">separator5.png</texturenofocus>
						<visible>!Skin.HasSetting(Disable.multi.fanart.backgrounds)</visible>
					</control>
					<control type="button" id="119">
						<width>1316</width>
						<height>90</height>
						<textoffsetx>30</textoffsetx>
						<font>font15</font>
						<label>Setttings Menu Background (pack 4)</label>
						<onclick>Skin.SetImage(settingsBG,http://www.myway.de/mr2-passion/4K%20Wallpaper/,path)</onclick>
						<texturenofocus border="1">separator5.png</texturenofocus>
						<visible>!Skin.HasSetting(Disable.multi.fanart.backgrounds)</visible>						
					</control>
					<control type="button" id="120">
						<width>1316</width>
						<height>90</height>
						<textoffsetx>30</textoffsetx>
						<font>font15</font>
						<label>Settings Menu Background (pack 5)</label>
						<onclick>Skin.SetImage(settingsBG,http://kodicustombuilds.com/adult/Backgrounds/,path)</onclick>
						<texturenofocus border="1">separator5.png</texturenofocus>
						<visible>!Skin.HasSetting(Disable.multi.fanart.backgrounds)</visible>
					</control>
					<control type="button" id="121">
						<width>1316</width>
						<height>90</height>
						<textoffsetx>30</textoffsetx>
						<font>font15</font>
						<label>Set Original Kobra XXX Backgrounds</label>
						<onclick>Skin.SetImage(settingsBG,http://kodicustombuilds.com/adult/Backgrounds/Original_Kobra_XXX_Backgrounds/,path)</onclick>
						<texturenofocus border="1">separator5.png</texturenofocus>
						<visible>!Skin.HasSetting(Disable.multi.fanart.backgrounds)</visible>
					</control>
					<control type="button" id="122">
						<width>1316</width>
						<height>90</height>
						<textoffsetx>30</textoffsetx>
						<font>font15</font>
						<label>Set Custom Path</label>
						<onclick>Skin.SetImage(settingsBG)</onclick>
						<texturenofocus border="1">separator5.png</texturenofocus>
						<visible>!Skin.HasSetting(Disable.multi.fanart.backgrounds)</visible>
					</control>
					<control type="button" id="123">
						<width>1316</width>
						<height>90</height>
						<textoffsetx>30</textoffsetx>
						<font>font15</font>
						<label>Reset Multi Fanart Image Path</label>
						<onclick>Skin.Reset(SettingsMultiImageBackground)</onclick>
						<texturenofocus border="1">separator5.png</texturenofocus>
						<visible>Skin.HasSetting(Disable.multi.fanart.backgrounds)</visible>
					</control>
					<control type="button" id="124">
						<width>1316</width>
						<height>90</height>
						<textoffsetx>30</textoffsetx>
						<font>font15</font>
						<label>Reset Image Path</label>
						<onclick>Skin.Reset(settingsBG)</onclick>
						<texturenofocus border="1">separator5.png</texturenofocus>
						<visible>!Skin.HasSetting(Disable.multi.fanart.backgrounds)</visible>
					</control>
				</control>
				<control type="grouplist" id="9012">
					<description>LOGIN BACKGROUND PATH MENU</description>
					<left>522</left>
					<top>32</top>
					<width>1316</width>
					<height>720</height>
					<pagecontrol>60</pagecontrol>
					<onleft>9000</onleft>
					<onright>60</onright>
					<onup>9012</onup>
					<ondown>9012</ondown>
					<visible>Container(9000).HasFocus(11)</visible>
					<control type="button" id="125">
						<width>1316</width>
						<height>90</height>
						<textoffsetx>30</textoffsetx>
						<font>font15</font>
						<label>[COLOR themecolor]Current Image Path |[/COLOR] $INFO[Skin.String(loginBG)]</label>
						<texturenofocus border="1">separator5.png</texturenofocus>
					</control>
					<control type="button" id="126">
						<width>1316</width>
						<height>90</height>
						<textoffsetx>30</textoffsetx>
						<font>font15</font>
						<label>Login Menu Background (pack 1)</label>
						<onclick>Skin.SetImage(loginBG,https://jorge.fbarr.net/files/wallpaper/,path)</onclick>
						<texturenofocus border="1">separator5.png</texturenofocus>
					</control>
					<control type="button" id="127">
						<width>1316</width>
						<height>90</height>
						<textoffsetx>30</textoffsetx>
						<font>font15</font>
						<label>Login Menu Background (pack 2)</label>
						<onclick>Skin.SetImage(settingsBG,http://www.wallpapersdb.org/wallpapers/3d/,path)</onclick>
						<texturenofocus border="1">separator5.png</texturenofocus>
						<visible>!Skin.HasSetting(Disable.multi.fanart.backgrounds)</visible>
					</control>
					<control type="button" id="128">
						<width>1316</width>
						<height>90</height>
						<textoffsetx>30</textoffsetx>
						<font>font15</font>
						<label>Login Menu Background (pack 3)</label>
						<onclick>Skin.SetImage(loginBG,http://davidszervereiinfo.pe.hu/wallpapers/,path)</onclick>
						<texturenofocus border="1">separator5.png</texturenofocus>
					</control>
					<control type="button" id="129">
						<width>1316</width>
						<height>90</height>
						<textoffsetx>30</textoffsetx>
						<font>font15</font>
						<label>Login Background (pack 4)</label>
						<onclick>Skin.SetImage(loginBG,http://www.myway.de/mr2-passion/4K%20Wallpaper/,path)</onclick>
						<texturenofocus border="1">separator5.png</texturenofocus>						
					</control>
					<control type="button" id="130">
						<width>1316</width>
						<height>90</height>
						<textoffsetx>30</textoffsetx>
						<font>font15</font>
						<label>Login Background (pack 5)</label>
						<onclick>Skin.SetImage(loginBG,http://kodicustombuilds.com/adult/Backgrounds/,path)</onclick>
						<texturenofocus border="1">separator5.png</texturenofocus>
					</control>
					<control type="button" id="131">
						<width>1316</width>
						<height>90</height>
						<textoffsetx>30</textoffsetx>
						<font>font15</font>
						<label>Original Kobra XXX Backgrounds</label>
						<onclick>Skin.SetImage(loginBG,http://kodicustombuilds.com/adult/Backgrounds/Original_Kobra_XXX_Backgrounds/,path)</onclick>
						<texturenofocus border="1">separator5.png</texturenofocus>
					</control>
					<control type="button" id="132">
						<width>1316</width>
						<height>90</height>
						<textoffsetx>30</textoffsetx>
						<font>font15</font>
						<label>Set Custom Path</label>
						<onclick>Skin.SetImage(loginBG)</onclick>
						<texturenofocus border="1">separator5.png</texturenofocus>
					</control>
					<control type="button" id="133">
						<width>1316</width>
						<height>90</height>
						<textoffsetx>30</textoffsetx>
						<font>font15</font>
						<label>Reset Image Path</label>
						<onclick>Skin.Reset(loginBG)</onclick>
						<texturenofocus border="1">separator5.png</texturenofocus>
					</control>
				</control>
				<control type="grouplist" id="9002">
					<description>GENERAL SETTINGS</description>
					<left>522</left>
					<top>32</top>
					<width>1316</width>
					<height>720</height>
					<pagecontrol>60</pagecontrol>
					<onleft>9000</onleft>
					<onright>60</onright>
					<onup>9002</onup>
					<ondown>9002</ondown>
					<visible>Container(9000).HasFocus(7)</visible>
					<control type="radiobutton" id="134">
						<width>1316</width>
						<height>90</height>
						<textoffsetx>30</textoffsetx>
						<font>font15</font>
						<label>20189</label>
						<onclick>Skin.ToggleSetting(Enable.AutoScroll)</onclick>
						<selected>Skin.HasSetting(Enable.AutoScroll)</selected>
						<texturenofocus border="1">separator5.png</texturenofocus>
					</control>
					<control type="radiobutton" id="135">
						<width>1316</width>
						<height>90</height>
						<textoffsetx>30</textoffsetx>
						<font>font15</font>
						<label>$LOCALIZE[31170]</label>
						<onclick>Skin.ToggleSetting(Disable.Netflix.Pause)</onclick>
						<selected>!Skin.HasSetting(Disable.Netflix.Pause)</selected>
						<texturenofocus border="1">separator5.png</texturenofocus>
					</control>
					<control type="button" id="136">
						<width>1316</width>
						<height>90</height>
						<textoffsetx>30</textoffsetx>
						<font>font15</font>
						<label>31931</label>
						<label2>[COLOR themecolor]$VAR[VideoPlotLocalizeVar][/COLOR]</label2>
						<onclick>Skin.ToggleSetting(VideoInfoPlotToggle)</onclick>
						<texturenofocus border="1">separator5.png</texturenofocus>
					</control>
					<control type="radiobutton" id="137">
						<width>1316</width>
						<height>90</height>
						<textoffsetx>30</textoffsetx>
						<font>font15</font>
						<label>31124</label>
						<onclick>Skin.ToggleSetting(Disable.ShowBackgroundVideo)</onclick>
						<selected>!Skin.HasSetting(Disable.ShowBackgroundVideo)</selected>
						<texturenofocus border="1">separator5.png</texturenofocus>
					</control>
					<control type="radiobutton" id="138">
						<width>1316</width>
						<height>90</height>
						<textoffsetx>30</textoffsetx>
						<font>font15</font>
						<label>31125</label>
						<onclick>Skin.ToggleSetting(Disable.ShowBackgroundVis)</onclick>
						<selected>!Skin.HasSetting(Disable.ShowBackgroundVis)</selected>
						<texturenofocus border="1">separator5.png</texturenofocus>
					</control>
				</control>
				<control type="grouplist" id="9003">
					<description>EXTRAS SETTINGS</description>
					<left>522</left>
					<top>32</top>
					<width>1316</width>
					<height>720</height>
					<pagecontrol>60</pagecontrol>
					<onleft>9000</onleft>
					<onright>60</onright>
					<onup>9003</onup>
					<ondown>9003</ondown>
					<visible>Container(9000).HasFocus(8)</visible>
					<control type="button" id="139">
						<width>1316</width>
						<height>90</height>
						<textoffsetx>30</textoffsetx>
						<font>font15</font>
						<label>$LOCALIZE[31150]</label>
						<label2>[COLOR labelheader]$INFO[Skin.String(StudioLogos.name)][/COLOR]</label2>
						<onclick condition="System.HasAddon(script.image.resource.select)">RunScript(script.image.resource.select,property=StudioLogos&amp;type=resource.images.studios)</onclick>
						<onclick condition="!System.HasAddon(script.image.resource.select)">InstallAddon(script.image.resource.select)</onclick>
						<texturenofocus border="1">separator5.png</texturenofocus>
					</control>
					<control type="radiobutton" id="140">
						<width>1316</width>
						<height>90</height>
						<textoffsetx>30</textoffsetx>
						<font>font15</font>
						<label>31083</label>
						<onclick>Skin.ToggleSetting(Disable.NextAired)</onclick>
						<selected>!Skin.HasSetting(Disable.NextAired)</selected>
						<texturenofocus border="1">separator5.png</texturenofocus>
						<visible>System.HasAddon(script.tv.show.next.aired)</visible>
					</control>
					<control type="radiobutton" id="141">
						<width>1316</width>
						<height>90</height>
						<textoffsetx>30</textoffsetx>
						<font>font15</font>
						<label>31083</label>
						<onclick>InstallAddon(script.tv.show.next.aired)</onclick>
						<selected>false</selected>
						<texturenofocus border="1">separator5.png</texturenofocus>
						<visible>!System.HasAddon(script.tv.show.next.aired)</visible>
					</control>
					<control type="radiobutton" id="142">
						<width>1316</width>
						<height>90</height>
						<textoffsetx>30</textoffsetx>
						<font>font15</font>
						<label>$LOCALIZE[31121]</label>
						<onclick condition="System.HasAddon(plugin.program.autocompletion)">Skin.ToggleSetting(Disable.Autocomplete)</onclick>
						<onclick condition="!System.HasAddon(plugin.program.autocompletion)">InstallAddon(plugin.program.autocompletion)</onclick>
						<selected>Skin.HasSetting(Disable.Autocomplete) | !System.HasAddon(plugin.program.autocompletion)</selected>
						<texturenofocus border="1">separator5.png</texturenofocus>
						<visible>System.HasAddon(plugin.program.autocompletion)</visible>
					</control>
					<control type="button" id="143">
						<width>1316</width>
						<height>90</height>
						<textoffsetx>30</textoffsetx>
						<font>font15</font>
						<label>31015</label>
						<label2>[COLOR labelheader]$INFO[Skin.String(VideoGenreFanartPath)][/COLOR]</label2>
						<onclick>Skin.SetPath(VideoGenreFanartPath)</onclick>
						<texturenofocus border="1">separator5.png</texturenofocus>
					</control>
					<control type="button" id="144">
						<width>1316</width>
						<height>90</height>
						<textoffsetx>30</textoffsetx>
						<font>font15</font>
						<label>- $LOCALIZE[10035]</label>
						<onclick>Skin.Reset(VideoGenreFanartPath)</onclick>
						<texturenofocus border="1">separator5.png</texturenofocus>
						<visible>!String.IsEmpty(Skin.String(VideoGenreFanartPath))</visible>
					</control>
					<control type="button" id="145">
						<width>1316</width>
						<height>90</height>
						<textoffsetx>30</textoffsetx>
						<font>font15</font>
						<label>31017</label>
						<label2>[COLOR labelheader]$INFO[Skin.String(MusicGenreFanartPath)][/COLOR]</label2>
						<onclick>Skin.SetPath(MusicGenreFanartPath)</onclick>
						<texturenofocus border="1">separator5.png</texturenofocus>
					</control>
					<control type="button" id="146">
						<width>1316</width>
						<height>90</height>
						<textoffsetx>30</textoffsetx>
						<font>font15</font>
						<label>- $LOCALIZE[10035]</label>
						<onclick>Skin.Reset(MusicGenreFanartPath)</onclick>
						<texturenofocus border="1">separator5.png</texturenofocus>
						<visible>!String.IsEmpty(Skin.String(MusicGenreFanartPath))</visible>
					</control>
				</control>
				<control type="grouplist" id="9004">
					<description>ADVANCED SETTINGS</description>
					<left>522</left>
					<top>32</top>
					<width>1316</width>
					<height>720</height>
					<pagecontrol>60</pagecontrol>
					<onleft>9000</onleft>
					<onright>60</onright>
					<onup>9004</onup>
					<ondown>9004</ondown>
					<visible>Container(9000).HasFocus(9)</visible>
					<control type="button" id="147">
						<width>1316</width>
						<height>90</height>
						<textoffsetx>30</textoffsetx>
						<font>font15</font>
						<label>31939</label>
						<label2>[COLOR themecolor]$VAR[InfoPanelDelayLocalizeVar][/COLOR]</label2>
						<onclick>$VAR[InfoPanelDelayOnClickVar]</onclick>
						<texturenofocus border="1">separator5.png</texturenofocus>
					</control>
					<control type="radiobutton" id="148">
						<width>1316</width>
						<height>90</height>
						<textoffsetx>30</textoffsetx>
						<font>font15</font>
						<label>31941</label>
						<onclick>Skin.ToggleSetting(KioskMode.Enabled)</onclick>
						<selected>Skin.HasSetting(KioskMode.Enabled)</selected>
						<texturenofocus border="1">separator5.png</texturenofocus>
					</control>
					<control type="button" id="149">
						<width>1316</width>
						<height>90</height>
						<textoffsetx>30</textoffsetx>
						<font>font15</font>
						<label>31915</label>
						<label2>[COLOR themecolor]$VAR[HorizontalListNavVar][/COLOR]</label2>
						<onclick>Skin.ToggleSetting(HorizontalListNav)</onclick>
						<texturenofocus border="1">separator5.png</texturenofocus>
					</control>
					<control type="button" id="150">
						<width>1316</width>
						<height>90</height>
						<textoffsetx>30</textoffsetx>
						<font>font15</font>
						<label>31943</label>
						<onclick>ActivateWindow(1127)</onclick>
						<texturenofocus border="1">separator5.png</texturenofocus>
					</control>
					<control type="button" id="151">
						<width>1316</width>
						<height>90</height>
						<textoffsetx>30</textoffsetx>
						<font>font15</font>
						<label>31094</label>
						<label2>[COLOR themecolor]$VAR[SlimListSettingVar][/COLOR]</label2>
						<onclick>Skin.ToggleSetting(Enable.SlimList)</onclick>
						<texturenofocus border="1">separator5.png</texturenofocus>
					</control>
					<control type="radiobutton" id="152">
						<width>1316</width>
						<height>90</height>
						<textoffsetx>30</textoffsetx>
						<font>font15</font>
						<label>31961</label>
						<onclick>Skin.ToggleSetting(Enable.HideRatings)</onclick>
						<selected>Skin.HasSetting(Enable.HideRatings)</selected>
						<texturenofocus border="1">separator5.png</texturenofocus>
					</control>
				</control>
				<control type="grouplist" id="9006">
					<description>ICON SETTINGS MENU</description>
					<left>522</left>
					<top>32</top>
					<width>1316</width>
					<height>720</height>
					<pagecontrol>60</pagecontrol>
					<onleft>9000</onleft>
					<onright>60</onright>
					<onup>9006</onup>
					<ondown>9006</ondown>
					<visible>Container(9000).HasFocus(6)</visible>
					<control type="radiobutton" id="153">
						<width>1316</width>
						<height>90</height>
						<textoffsetx>30</textoffsetx>
						<font>font15</font>
						<label>Disable Pulsing Icons</label>
						<onclick>Skin.ToggleSetting(disable.pulsing.icons)</onclick>
						<onclick>ReloadSkin()</onclick>
						<selected>Skin.HasSetting(disable.pulsing.icons)</selected>
						<texturenofocus border="1">separator5.png</texturenofocus>
					</control>
					
					<!-- Old Adult Menu -->
					
<!-- 					<control type="radiobutton" id="154">
						<width>1316</width>
						<height>90</height>
						<textoffsetx>30</textoffsetx>
						<font>font15</font>
						<label>Toggle Adult Icons</label>
						<onclick>Skin.ToggleSetting(toggle.adult.icons)</onclick>
						<selected>Skin.HasSetting(toggle.adult.icons)</selected>
						<texturenofocus border="1">separator5.png</texturenofocus>
					</control> -->
				</control>
				<control type="grouplist" id="9007">
					<description>MENU FURNITURE SETTINGS</description>
					<left>522</left>
					<top>32</top>
					<width>1316</width>
					<height>720</height>
					<pagecontrol>60</pagecontrol>
					<onleft>9000</onleft>
					<onright>60</onright>
					<onup>9007</onup>
					<ondown>9007</ondown>
					<visible>Container(9000).HasFocus(5)</visible>
					<control type="button" id="155">
						<width>1316</width>
						<height>90</height>
						<textoffsetx>30</textoffsetx>
						<font>font15</font>
						<label>Set Home Menu Bar</label>
						<onclick>Skin.SetImage(homemenubar,http://kodicustombuilds.com/adult/Kobra_xxx_menu_bars/,path)</onclick>
						<texturenofocus border="1">separator5.png</texturenofocus>
					</control>
					<control type="button" id="90">
						<width>1316</width>
						<height>90</height>
						<textoffsetx>30</textoffsetx>
						<font>font15</font>
						<label>Selected Menu Bar | [COLOR themecolor]$INFO[Skin.String(homemenubar)][/COLOR]</label>
						<onclick>noop</onclick>
						<texturenofocus border="1">separator5.png</texturenofocus>
						<visible>!String.IsEmpty(Skin.String(homemenubar))</visible>
					</control>
					<control type="button" id="91">
						<width>1316</width>
						<height>90</height>
						<textoffsetx>30</textoffsetx>
						<font>font15</font>
						<label>Reset Home Menu Bar To Default</label>
						<onclick>Skin.Reset(homemenubar)</onclick>
						<texturenofocus border="1">separator5.png</texturenofocus>
						<visible>!String.IsEmpty(Skin.String(homemenubar))</visible>
					</control>
					<control type="radiobutton" id="156">
						<width>1316</width>
						<height>90</height>
						<textoffsetx>30</textoffsetx>
						<font>font15</font>
						<label>Enable/Disable Home Menu Bar</label>
						<onclick>Skin.ToggleSetting(disable.home.menu.bar)</onclick>
						<selected>!Skin.HasSetting(disable.home.menu.bar)</selected>
						<texturenofocus border="1">separator5.png</texturenofocus>
					</control>
					<control type="radiobutton" id="157">
						<width>1316</width>
						<height>90</height>
						<textoffsetx>30</textoffsetx>
						<font>font15</font>
						<label>Enable/Disable Network Information</label>
						<onclick>Skin.ToggleSetting(disable.network.info)</onclick>
						<selected>!Skin.HasSetting(disable.network.info)</selected>
						<texturenofocus border="1">separator5.png</texturenofocus>
					</control>
					<control type="radiobutton" id="158">
						<width>1316</width>
						<height>90</height>
						<textoffsetx>30</textoffsetx>
						<font>font15</font>
						<label>Enable/Disable Kobra image</label>
						<onclick>Skin.ToggleSetting(Disable.image)</onclick>
						<selected>!Skin.HasSetting(Disable.image)</selected>
						<texturenofocus border="1">separator5.png</texturenofocus>
					</control>
					<control type="radiobutton" id="167">
						<width>1316</width>
						<height>90</height>
						<textoffsetx>30</textoffsetx>
						<font>font15</font>
						<label>Enable/Disable Kobra Nox image</label>
						<onclick>Skin.ToggleSetting(disable.kobra.nox.image)</onclick>
						<selected>!Skin.HasSetting(disable.kobra.nox.image)</selected>
						<texturenofocus border="1">separator5.png</texturenofocus>
					</control>
					<control type="radiobutton" id="166">
						<width>1316</width>
						<height>90</height>
						<textoffsetx>30</textoffsetx>
						<font>font15</font>
						<label>Enable/Disable Settings Menu Info Panel </label>
						<onclick>Skin.ToggleSetting(Disable.settings.info.bar)</onclick>
						<selected>!Skin.HasSetting(Disable.settings.info.bar)</selected>
						<texturenofocus border="1">separator5.png</texturenofocus>
					</control>
					<control type="radiobutton" id="159">
						<width>1316</width>
						<height>90</height>
						<textoffsetx>30</textoffsetx>
						<font>font15</font>
						<label>Enable/Disable Floor Image</label>
						<onclick>Skin.ToggleSetting(Disable.floor.image)</onclick>
						<selected>!Skin.HasSetting(Disable.floor.image)</selected>
						<texturenofocus border="1">separator5.png</texturenofocus>
					</control>
					<control type="radiobutton" id="160">
						<width>1316</width>
						<height>90</height>
						<textoffsetx>30</textoffsetx>
						<font>font15</font>
						<label>Enable/Disable Floor Image (Home Menu)</label>
						<onclick>Skin.ToggleSetting(Disable.floor.image.home)</onclick>
						<selected>!Skin.HasSetting(Disable.floor.image.home)</selected>
						<texturenofocus border="1">separator5.png</texturenofocus>
						<visible>true</visible>
					</control>
					<control type="radiobutton" id="161">
						<width>1316</width>
						<height>90</height>
						<textoffsetx>30</textoffsetx>
						<font>font15</font>
						<label>Enable/Disable XXX image</label>
						<onclick>Skin.ToggleSetting(Disable.xxximage)</onclick>
						<selected>!Skin.HasSetting(Disable.xxximage)</selected>
						<texturenofocus border="1">separator5.png</texturenofocus>
						<visible>false</visible>
					</control>
					<control type="radiobutton" id="162">
						<width>1316</width>
						<height>90</height>
						<textoffsetx>30</textoffsetx>
						<font>font15</font>
						<label>Enable/Disable date and time</label>
						<onclick>Skin.ToggleSetting(Disable.time)</onclick>
						<selected>!Skin.HasSetting(Disable.time)</selected>
						<texturenofocus border="1">separator5.png</texturenofocus>
					</control>
					<control type="radiobutton" id="163">
						<width>1316</width>
						<height>90</height>
						<textoffsetx>30</textoffsetx>
						<font>font15</font>
						<label>Enable/Disable battery level indicator</label>
						<onclick>Skin.ToggleSetting(Disable.battery.level)</onclick>
						<selected>!Skin.HasSetting(Disable.battery.level)</selected>
						<texturenofocus border="1">separator5.png</texturenofocus>
					</control>
				</control>
				<control type="grouplist" id="9011">
					<description>SKIN RESTORE</description>
					<left>522</left>
					<top>32</top>
					<width>1316</width>
					<height>720</height>
					<pagecontrol>60</pagecontrol>
					<onleft>9000</onleft>
					<onright>60</onright>
					<onup>9011</onup>
					<ondown>9011</ondown>
					<visible>Container(9000).HasFocus(10)</visible>
					<control type="button" id="164">
						<width>1316</width>
						<height>90</height>
						<textoffsetx>30</textoffsetx>
						<font>font15</font>
						<label>[COLOR red]!WARNING![/COLOR] This will restore your current skin configuration back to the default settings.</label>
						<onclick>noop</onclick>
						<texturenofocus border="1">separator5.png</texturenofocus>
					</control>
					<control type="button" id="165">
						<width>1316</width>
						<height>90</height>
						<textoffsetx>30</textoffsetx>
						<font>font15</font>
						<label>Click here to restore the skin to default settings.</label>
						<onclick>ActivateWindow(1166,return)</onclick>
						<texturenofocus border="1">separator5.png</texturenofocus>
					</control>
				</control>
			</control>
		</control>
	</controls>
</window>