<?xml version="1.0" encoding="UTF-8"?>
<includes>
	<include name="WallBackPanel">
		<control type="image">
			<description>background image</description>
			<left>BackPanelIconsLeft</left>
			<top>900</top>
			<width>BackPanelIconsWidth</width>
			<height>784</height>
			<texture border="40">panel_reflect.png</texture>
		</control>
		<control type="image">
			<description>background image</description>
			<left>BackPanelIconsLeft</left>
			<top>148</top>
			<width>BackPanelIconsWidth</width>
			<height>784</height>
			<texture border="40">listpanel_back.png</texture>
		</control>
	</include>
	<include name="WallPosterOverlay">
		<control type="image">
			<width>240</width>
			<height>360</height>
			<aspectratio>scale</aspectratio>
			<texture border="1" colordiffuse="44FFFFFF">black.png</texture>
			<bordersize>2</bordersize>
			<include>FocusFadeOutAnimation</include>
		</control>
	</include>
	<include name="WallSquareOverlay">
		<control type="image">
			<width>240</width>
			<height>240</height>
			<aspectratio>scale</aspectratio>
			<texture border="1" colordiffuse="44FFFFFF">black.png</texture>
			<bordersize>2</bordersize>
			<include>FocusFadeOutAnimation</include>
		</control>
	</include>
	<include name="WallPosterFocus">
		<control type="image">
			<width>240</width>
			<height>360</height>
			<texture border="10">thumbs/thumbnail_focused.png</texture>
			<include>FocusFadeInAnimation</include>
		</control>
	</include>
	<include name="WallSquareFocus">
		<control type="image">
			<width>240</width>
			<height>240</height>
			<texture border="10">thumbs/thumbnail_focused.png</texture>
			<include>FocusFadeInAnimation</include>
		</control>
	</include>
	<!-- Video Wall -->
	<include name="VideoWall">
		<control type="group">
			<visible>Control.IsVisible(500) + !Window.IsActive(addoninformation)</visible>
			<include>ViewAnimation</include>
			<include>WallBackPanel</include>
			<control type="panel" id="500">
				<left>ViewIconsLeft</left>
				<top>179</top>
				<width>ViewIconsWidth</width>
				<height>720</height>
				<onleft>SetProperty(MediaMenu,True,home)</onleft>
				<onleft>SetFocus(9050)</onleft>
				<onright>60</onright>
				<onup>500</onup>
				<ondown>500</ondown>
				<pagecontrol>60</pagecontrol>
				<preloaditems>2</preloaditems>
				<scrolltime tween="quadratic" easing="out">300</scrolltime>
				<itemlayout height="360" width="240" condition="Container.Content(movies) | Container.Content(tvshows) | Container.Content(seasons) | Container.Content(sets) | Container.Content(musicvideos)">
					<control type="image">
						<width>240</width>
						<height>360</height>
						<aspectratio>scale</aspectratio>
						<texture background="true">$VAR[PosterThumb]</texture>
						<bordertexture border="2">thumbs/panel_border3.png</bordertexture>
						<bordersize>2</bordersize>
					</control>
					<control type="image">
						<left>140</left>
						<width>100</width>
						<height>100</height>
						<texture>$VAR[OverlayVar]</texture>
						<aspectratio align="center" aligny="top">keep</aspectratio>
						<bordersize>1</bordersize>
					</control>
					<control type="group">
						<left>15</left>
						<top>15</top>
						<include condition="Skin.HasSetting(Disable.UnwatchedIcon)">UnwatchedIcon</include>
					</control>
					<include>WallPosterOverlay</include>
				</itemlayout>
				<focusedlayout height="360" width="240" condition="Container.Content(movies) | Container.Content(tvshows) | Container.Content(seasons) | Container.Content(sets) | Container.Content(musicvideos)">
					<control type="image">
						<width>240</width>
						<height>360</height>
						<aspectratio>scale</aspectratio>
						<texture background="true">$VAR[PosterThumb]</texture>
						<bordertexture border="2">thumbs/panel_border3.png</bordertexture>
						<bordersize>2</bordersize>
					</control>
					<control type="image">
						<left>140</left>
						<width>100</width>
						<height>100</height>
						<texture>$VAR[OverlayVar]</texture>
						<aspectratio align="center" aligny="top">keep</aspectratio>
						<bordersize>1</bordersize>
					</control>
					<control type="group">
						<left>15</left>
						<top>15</top>
						<include condition="Skin.HasSetting(Disable.UnwatchedIcon)">UnwatchedIcon</include>
					</control>
					<include>WallPosterOverlay</include>
					<include>WallPosterFocus</include>
				</focusedlayout>
				<itemlayout height="360" width="240" condition="Container.Content(genres)">
					<control type="image">
						<width>240</width>
						<height>360</height>
						<aspectratio>scale</aspectratio>
						<texture background="true" fallback="special://skin/extras/moviegenres/Default.jpg">$INFO[ListItem.Label,special://skin/extras/moviegenres/,.jpg]</texture>
						<bordertexture border="2">thumbs/panel_border3.png</bordertexture>
						<bordersize>2</bordersize>
					</control>
					<include>WallPosterOverlay</include>
				</itemlayout>
				<focusedlayout height="360" width="240" condition="Container.Content(genres)">
					<control type="image">
						<width>240</width>
						<height>360</height>
						<aspectratio>scale</aspectratio>
						<texture background="true" fallback="special://skin/extras/moviegenres/Default.jpg">$INFO[ListItem.Label,special://skin/extras/moviegenres/,.jpg]</texture>
						<bordertexture border="2">thumbs/panel_border3.png</bordertexture>
						<bordersize>2</bordersize>
					</control>
					<include>WallPosterOverlay</include>
					<include>WallPosterFocus</include>
				</focusedlayout>
				<itemlayout height="240" width="240" condition="Container.Content(addons)">
					<control type="image">
						<width>240</width>
						<height>240</height>
						<aspectratio>scale</aspectratio>
						<texture background="true">$INFO[ListItem.Icon]</texture>
						<bordertexture border="2">thumbs/panel_border3.png</bordertexture>
						<bordersize>2</bordersize>
					</control>
					<include>WallSquareOverlay</include>
				</itemlayout>
				<focusedlayout height="240" width="240" condition="Container.Content(addons)">
					<control type="image">
						<width>240</width>
						<height>240</height>
						<aspectratio>scale</aspectratio>
						<texture background="true">$INFO[ListItem.Icon]</texture>
						<bordertexture border="2">thumbs/panel_border3.png</bordertexture>
						<bordersize>2</bordersize>
					</control>
					<include>WallSquareOverlay</include>
					<include>WallSquareFocus</include>
				</focusedlayout>
				<itemlayout height="360" width="420" condition="![Container.Content(addons) | Container.Content(genres) | Container.Content(movies) | Container.Content(tvshows) | Container.Content(seasons) | Container.Content(sets) | Container.Content(musicvideos)]">
					<control type="image">
						<width>420</width>
						<height>360</height>
						<aspectratio>scale</aspectratio>
						<texture background="true">$VAR[PosterThumb]</texture>
						<bordertexture border="2">thumbs/panel_border3.png</bordertexture>
						<bordersize>2</bordersize>
					</control>
					<control type="image">
						<left>320</left>
						<width>100</width>
						<height>100</height>
						<texture>$VAR[OverlayVar]</texture>
						<aspectratio align="center" aligny="top">keep</aspectratio>
						<bordersize>1</bordersize>
					</control>
					<control type="image">
						<top>310</top>
						<width>420</width>
						<height>50</height>
						<texture>black.png</texture>
						<bordersize>2</bordersize>
						<colordiffuse>88ffffff</colordiffuse>
					</control>
					<control type="label">
						<top>310</top>
						<width>420</width>
						<height>40</height>
						<align>center</align>
						<textoffsetx>10</textoffsetx>
						<info>ListItem.Label</info>
					</control>
					<control type="image">
						<width>420</width>
						<height>360</height>
						<aspectratio>scale</aspectratio>
						<texture border="1" colordiffuse="44FFFFFF">black.png</texture>
						<bordersize>2</bordersize>
					</control>
				</itemlayout>
				<focusedlayout height="360" width="420" condition="![Container.Content(addons) | Container.Content(genres) | Container.Content(movies) | Container.Content(tvshows) | Container.Content(seasons) | Container.Content(sets) | Container.Content(musicvideos)]">
					<control type="image">
						<width>420</width>
						<height>360</height>
						<aspectratio>scale</aspectratio>
						<texture background="true">$VAR[PosterThumb]</texture>
						<bordertexture border="2">thumbs/panel_border3.png</bordertexture>
						<bordersize>2</bordersize>
					</control>
					<control type="image">
						<left>320</left>
						<width>100</width>
						<height>100</height>
						<texture>$VAR[OverlayVar]</texture>
						<aspectratio align="center" aligny="top">keep</aspectratio>
						<bordersize>1</bordersize>
					</control>
					<control type="image">
						<top>310</top>
						<width>420</width>
						<height>50</height>
						<texture>black.png</texture>
						<bordersize>2</bordersize>
						<colordiffuse>88ffffff</colordiffuse>
					</control>
					<control type="label">
						<top>310</top>
						<width>420</width>
						<height>40</height>
						<align>center</align>
						<textoffsetx>10</textoffsetx>
						<info>ListItem.Label</info>
					</control>
					<control type="image">
						<width>420</width>
						<height>360</height>
						<aspectratio>scale</aspectratio>
						<texture border="1" colordiffuse="44FFFFFF">black.png</texture>
						<bordersize>2</bordersize>
						<include>FocusFadeOutAnimation</include>
					</control>
					<control type="image">
						<width>420</width>
						<height>360</height>
						<texture border="10"></texture>
						<include>FocusFadeInAnimation</include>
					</control>
				</focusedlayout>
			</control>
			<control type="scrollbar" id="60">
				<left>ScrollbarIconsLeft</left>
				<top>179</top>
				<width>14</width>
				<height>720</height>
				<onleft>50</onleft>
				<onright>noop</onright>
				<ondown>60</ondown>
				<onup>60</onup>
				<showonepage>false</showonepage>
				<texturesliderbackground />
				<texturesliderbar colordiffuse="55ffffff" border="1">scrollbar/texturesliderbar2.png</texturesliderbar>
				<texturesliderbarfocus border="1">scrollbar/texturesliderbar2.png</texturesliderbarfocus>
				<animation effect="fade" start="100" end="0" time="500" delay="500" condition="!Control.HasFocus(60) + !Container.Scrolling">Conditional</animation>
			</control>
			<control type="group">
				<visible>![Container.Content(movies) | Container.Content(tvshows) | Container.Content(seasons) | Container.Content(episodes) | Container.Content(files) | Container.Content(musicvideos)]</visible>
				<animation effect="slide" tween="cubic" time="720" start="0,806" end="0,0">VisibleChange</animation>
				<control type="button">
					<top>980</top>
					<left>90</left>
					<right>180</right>
					<height>90</height>
					<font>font16_title_bold</font>
					<textcolor>white</textcolor>
					<label>$INFO[ListItem.Label]</label>
					<label2>$INFO[ListItem.Label2]</label2>
					<textoffsetx>30</textoffsetx>
					<texturenofocus />
					<enable>no</enable>
					<disabledcolor>white</disabledcolor>
				</control>
			</control>
		</control>
	</include>
	<!-- Music Wall -->
	<include name="MusicWall">
		<control type="group">
			<visible>Control.IsVisible(500) + !Window.IsActive(addoninformation)</visible>
			<include>ViewAnimation</include>
			<include>WallBackPanel</include>
			<control type="panel" id="500">
				<left>ViewIconsLeft</left>
				<top>179</top>
				<width>ViewIconsWidth</width>
				<height>720</height>
				<onleft>SetProperty(MediaMenu,True,home)</onleft>
				<onleft>SetFocus(9050)</onleft>
				<onright>60</onright>
				<onup>500</onup>
				<ondown>500</ondown>
				<pagecontrol>60</pagecontrol>
				<scrolltime tween="quadratic" easing="out">300</scrolltime>
				<itemlayout height="240" width="240" condition="!Container.Content(genres)">
					<control type="image">
						<width>240</width>
						<height>240</height>
						<aspectratio>scale</aspectratio>
						<texture background="true">$INFO[ListItem.Icon]</texture>
						<bordertexture border="2">thumbs/panel_border3.png</bordertexture>
						<bordersize>2</bordersize>
					</control>
					<control type="group">
						<visible>Container.Content(artists)</visible>
						<control type="image">
							<top>190</top>
							<width>240</width>
							<height>50</height>
							<texture>black.png</texture>
							<bordersize>2</bordersize>
							<colordiffuse>88ffffff</colordiffuse>
						</control>
						<control type="label">
							<top>190</top>
							<width>240</width>
							<height>45</height>
							<align>center</align>
							<textoffsetx>8</textoffsetx>
							<textcolor>grey</textcolor>
							<info>ListItem.Label</info>
						</control>
					</control>
					<include>WallSquareOverlay</include>
				</itemlayout>
				<focusedlayout height="240" width="240" condition="!Container.Content(genres)">
					<control type="image">
						<width>240</width>
						<height>240</height>
						<aspectratio>scale</aspectratio>
						<texture background="true">$INFO[ListItem.Icon]</texture>
						<bordertexture border="2">thumbs/panel_border3.png</bordertexture>
						<bordersize>2</bordersize>
					</control>
					<control type="group">
						<visible>Container.Content(artists)</visible>
						<control type="image">
							<top>190</top>
							<width>240</width>
							<height>50</height>
							<texture>black.png</texture>
							<bordersize>2</bordersize>
							<colordiffuse>88ffffff</colordiffuse>
						</control>
						<control type="label">
							<top>190</top>
							<width>240</width>
							<height>45</height>
							<align>center</align>
							<textoffsetx>8</textoffsetx>
							<info>ListItem.Label</info>
							<animation effect="fade" end="100" start="66" time="200" tween="sine" easing="inout">Focus</animation>
							<animation effect="fade" start="100" end="66" time="200" tween="sine" easing="inout">UnFocus</animation>
						</control>
					</control>
					<include>WallSquareOverlay</include>
					<include>WallSquareFocus</include>
				</focusedlayout>
				<itemlayout height="240" width="240" condition="Container.Content(genres)">
					<control type="image">
						<width>240</width>
						<height>240</height>
						<aspectratio>scale</aspectratio>
						<texture background="true" fallback="special://skin/extras/musicgenres/Default.jpg">$INFO[ListItem.Label,special://skin/extras/musicgenres/,.jpg]</texture>
						<bordertexture border="2">thumbs/panel_border3.png</bordertexture>
						<bordersize>2</bordersize>
					</control>
					<include>WallSquareOverlay</include>
				</itemlayout>
				<focusedlayout height="240" width="240" condition="Container.Content(genres)">
					<control type="image">
						<width>240</width>
						<height>240</height>
						<aspectratio>scale</aspectratio>
						<texture background="true" fallback="special://skin/extras/musicgenres/Default.jpg">$INFO[ListItem.Label,special://skin/extras/musicgenres/,.jpg]</texture>
						<bordertexture border="2">thumbs/panel_border3.png</bordertexture>
						<bordersize>2</bordersize>
					</control>
					<include>WallSquareOverlay</include>
					<include>WallSquareFocus</include>
				</focusedlayout>
			</control>
			<control type="scrollbar" id="60">
				<left>ScrollbarIconsLeft</left>
				<top>179</top>
				<width>8</width>
				<height>720</height>
				<onleft>50</onleft>
				<onright>noop</onright>
				<ondown>60</ondown>
				<onup>60</onup>
				<showonepage>false</showonepage>
				<texturesliderbackground />
				<texturesliderbar colordiffuse="55ffffff" border="1">scrollbar/texturesliderbar2.png</texturesliderbar>
				<texturesliderbarfocus border="1">scrollbar/texturesliderbar2.png</texturesliderbarfocus>
				<animation effect="fade" start="100" end="0" time="500" delay="500" condition="!Control.HasFocus(60) + !Container.Scrolling">Conditional</animation>
			</control>
		</control>
	</include>
	<!-- Addon Wall -->
	<include name="AddonWall">
		<control type="group">
			<visible>Control.IsVisible(500) + !Window.IsActive(addoninformation)</visible>
			<include>ViewAnimation</include>
			<include>WallBackPanel</include>
			<control type="panel" id="500">
				<left>ViewIconsLeft</left>
				<top>179</top>
				<width>ViewIconsWidth</width>
				<height>720</height>
				<onleft>SetProperty(MediaMenu,True,home)</onleft>
				<onleft>SetFocus(9050)</onleft>
				<onright>60</onright>
				<onup>500</onup>
				<ondown>500</ondown>
				<pagecontrol>60</pagecontrol>
				<scrolltime tween="quadratic" easing="out">300</scrolltime>
				<itemlayout height="240" width="240" condition="!Container.Content(genres)">
					<control type="image">
						<width>240</width>
						<height>240</height>
						<aspectratio>scale</aspectratio>
						<texture background="true">$INFO[ListItem.Icon]</texture>
						<bordertexture border="2">thumbs/panel_border3.png</bordertexture>
						<bordersize>2</bordersize>
					</control>
					<control type="image">
						<left>140</left>
						<width>100</width>
						<height>100</height>
						<texture>overlays/addons/enabled.png</texture>
						<aspectratio align="center" aligny="top">keep</aspectratio>
						<visible>ListItem.Property(Addon.IsInstalled)</visible>
						<bordersize>2</bordersize>
					</control>
					<include>WallSquareOverlay</include>
				</itemlayout>
				<focusedlayout height="240" width="240" condition="!Container.Content(genres)">
					<control type="image">
						<width>240</width>
						<height>240</height>
						<aspectratio>scale</aspectratio>
						<texture background="true">$INFO[ListItem.Icon]</texture>
						<bordertexture border="2">thumbs/panel_border3.png</bordertexture>
						<bordersize>2</bordersize>
					</control>
					<control type="image">
						<left>140</left>
						<width>100</width>
						<height>100</height>
						<texture>overlays/addons/enabled.png</texture>
						<aspectratio align="center" aligny="top">keep</aspectratio>
						<visible>ListItem.Property(Addon.IsInstalled)</visible>
						<bordersize>2</bordersize>
					</control>
					<include>WallSquareOverlay</include>
					<include>WallSquareFocus</include>
				</focusedlayout>
			</control>
			<control type="scrollbar" id="60">
				<left>ScrollbarIconsLeft</left>
				<top>179</top>
				<width>8</width>
				<height>720</height>
				<onleft>50</onleft>
				<onright>noop</onright>
				<ondown>60</ondown>
				<onup>60</onup>
				<showonepage>false</showonepage>
				<texturesliderbackground />
				<texturesliderbar colordiffuse="55ffffff" border="1">scrollbar/texturesliderbar2.png</texturesliderbar>
				<texturesliderbarfocus border="1">scrollbar/texturesliderbar2.png</texturesliderbarfocus>
				<animation effect="fade" start="100" end="0" time="500" delay="500" condition="!Control.HasFocus(60) + !Container.Scrolling">Conditional</animation>
			</control>
		</control>
	</include>
	<!-- Picture Wall -->
	<include name="PictureWall">
		<control type="group">
			<visible>Control.IsVisible(500) + !Window.IsActive(addoninformation)</visible>
			<include>ViewAnimation</include>
			<top>-85</top>
			<control type="image">
				<description>background image</description>
				<left>BackPanelIconsLeft</left>
				<top>1080</top>
				<width>BackPanelIconsWidth</width>
				<height>964</height>
				<texture border="40">panel_reflect.png</texture>
			</control>
			<control type="image">
				<description>background image</description>
				<left>BackPanelIconsLeft</left>
				<top>148</top>
				<width>BackPanelIconsWidth</width>
				<height>964</height>
				<texture border="40">listpanel_back.png</texture>
			</control>
			<control type="panel" id="500">
				<left>ViewIconsLeft</left>
				<top>179</top>
				<width>ViewIconsWidth</width>
				<height>900</height>
				<onleft>SetProperty(MediaMenu,True,home)</onleft>
				<onleft>SetFocus(9050)</onleft>
				<onright>60</onright>
				<onup>500</onup>
				<ondown>500</ondown>
				<pagecontrol>60</pagecontrol>
				<preloaditems>2</preloaditems>
				<visible>!Container.Content(addons)</visible>
				<scrolltime tween="quadratic" easing="out">300</scrolltime>
				<itemlayout height="300" width="560">
					<control type="image">
						<width>560</width>
						<height>300</height>
						<aspectratio>scale</aspectratio>
						<texture background="true">$INFO[ListItem.Icon]</texture>
						<bordertexture border="2">thumbs/panel_border3.png</bordertexture>
						<bordersize>2</bordersize>
					</control>
					<control type="image">
						<top>250</top>
						<width>560</width>
						<height>50</height>
						<texture>black.png</texture>
						<bordersize>2</bordersize>
						<colordiffuse>88ffffff</colordiffuse>
					</control>
					<control type="label">
						<top>250</top>
						<width>560</width>
						<height>45</height>
						<textoffsetx>15</textoffsetx>
						<textcolor>grey2</textcolor>
						<info>ListItem.Label</info>
					</control>
					<control type="label">
						<top>250</top>
						<width>560</width>
						<height>45</height>
						<align>right</align>
						<textoffsetx>15</textoffsetx>
						<textcolor>grey2</textcolor>
						<info>ListItem.Label2</info>
					</control>
					<control type="image">
						<width>560</width>
						<height>300</height>
						<aspectratio>scale</aspectratio>
						<texture border="1" colordiffuse="44FFFFFF">black.png</texture>
						<bordersize>2</bordersize>
						<include>FocusFadeOutAnimation</include>
					</control>
				</itemlayout>
				<focusedlayout height="300" width="560">
					<control type="image">
						<width>560</width>
						<height>300</height>
						<aspectratio>scale</aspectratio>
						<texture background="true">$INFO[ListItem.Icon]</texture>
						<bordertexture border="2">thumbs/panel_border3.png</bordertexture>
						<bordersize>2</bordersize>
					</control>
					<control type="image">
						<top>250</top>
						<width>560</width>
						<height>50</height>
						<texture>black.png</texture>
						<bordersize>2</bordersize>
						<colordiffuse>88ffffff</colordiffuse>
					</control>
					<control type="label">
						<top>250</top>
						<width>560</width>
						<height>45</height>
						<textoffsetx>15</textoffsetx>
						<info>ListItem.Label</info>
						<animation effect="fade" end="100" start="70" time="200" tween="sine" easing="inout">Focus</animation>
						<animation effect="fade" start="100" end="70" time="200" tween="sine" easing="inout">UnFocus</animation>
					</control>
					<control type="label">
						<top>250</top>
						<width>560</width>
						<height>45</height>
						<align>right</align>
						<textoffsetx>15</textoffsetx>
						<info>ListItem.Label2</info>
						<animation effect="fade" end="100" start="70" time="200" tween="sine" easing="inout">Focus</animation>
						<animation effect="fade" start="100" end="70" time="200" tween="sine" easing="inout">UnFocus</animation>
					</control>
					<control type="image">
						<width>560</width>
						<height>300</height>
						<aspectratio>scale</aspectratio>
						<texture border="1" colordiffuse="44FFFFFF">black.png</texture>
						<bordersize>2</bordersize>
						<include>FocusFadeOutAnimation</include>
					</control>
					<control type="image">
						<width>560</width>
						<height>300</height>
						<texture border="10">thumbs/thumbnail_focused.png</texture>
						<include>FocusFadeInAnimation</include>
					</control>
				</focusedlayout>
			</control>
			<control type="scrollbar" id="60">
				<left>ScrollbarIconsLeft</left>
				<top>179</top>
				<width>14</width>
				<height>900</height>
				<onleft>50</onleft>
				<onright>noop</onright>
				<ondown>60</ondown>
				<onup>60</onup>
				<showonepage>false</showonepage>
				<texturesliderbackground />
				<texturesliderbar colordiffuse="55ffffff" border="1">scrollbar/texturesliderbar2.png</texturesliderbar>
				<texturesliderbarfocus border="1">scrollbar/texturesliderbar2.png</texturesliderbarfocus>
				<animation effect="fade" start="100" end="0" time="500" delay="500" condition="!Control.HasFocus(60) + !Container.Scrolling">Conditional</animation>
			</control>
		</control>
	</include>
</includes>