<?xml version='1.0' encoding='UTF-8'?>
<shortcuts>
	<shortcut>
		<defaultID>apps</defaultID>
		<label>1037</label>
		<label2 />
		<icon />
		<thumb />
		<action>ActivateWindow(Videos,Addons,return)</action>
	</shortcut>
	<shortcut>
		<defaultID>apps</defaultID>
		<label>10040</label>
		<label2 />
		<icon />
		<thumb />
		<action>ActivateWindow(Addonbrowser)</action>
	</shortcut>
	<shortcut>
		<defaultID>apps</defaultID>
		<label>1043</label>
		<label2 />
		<icon />
		<thumb />
		<action>ActivateWindow(Programs,Addons,return)</action>
	</shortcut>
	<shortcut>
		<defaultID>apps</defaultID>
		<label>Terrarium TV</label>
		<label2 />
		<icon />
		<thumb />
		<action>StartAndroidActivity("com.nitroxenon.terrarium")</action>
		<!-- <visible>System.Platform.Android</visible> -->
	</shortcut>
	<shortcut>
		<defaultID>apps</defaultID>
		<label>Start Kodi</label>
		<label2 />
		<icon />
		<thumb />
		<action>StartAndroidActivity("org.xbmc.kodi")</action>
		<!-- <visible>System.Platform.Android</visible> -->
	</shortcut>
	<shortcut>
		<defaultID>apps</defaultID>
		<label>Start SPMC</label>
		<label2 />
		<icon />
		<thumb />
		<action>StartAndroidActivity("com.semperpax.spmc16")</action>
		<action>StartAndroidActivity("com.semperpax.spmc17")</action>
		<!-- <visible>System.Platform.Android</visible> -->
	</shortcut>
</shortcuts>