<?xml version='1.0' encoding='UTF-8'?>
<shortcuts>
	<shortcut>
		<defaultID>24001</defaultID>
		<label>Advanced Settings</label>
		<label2 />
		<icon />
		<thumb />
		<action>ActivateWindow(10001,&quot;plugin://plugin.program.EleKta/?mode=advancedsetting&quot;,return)</action>
	</shortcut>
	<shortcut>
		<defaultID>24001</defaultID>
		<label>Fire TV Stick</label>
		<label2 />
		<icon />
		<thumb />
		<action>PlayMedia(&quot;plugin://plugin.program.EleKta/?mode=writeadvanced&amp;name=Amazon+FireStick&amp;url=https%3A%2F%2Felekta.space%2FAdvancedSettings%2FAmazon%2520Firestick%2520%28Kodi%252017%29.xml&quot;)</action>
	</shortcut>
	<shortcut>
		<defaultID>24001</defaultID>
		<label>Fire TV</label>
		<label2 />
		<icon />
		<thumb />
		<action>PlayMedia(&quot;plugin://plugin.program.EleKta/?mode=writeadvanced&amp;name=Amazon+Fire+TV&amp;url=https%3A%2F%2Felekta.space%2FAdvancedSettings%2FAmazon%2520Fire%2520TV%2520%28Kodi%252017%29.xml&quot;)</action>
	</shortcut>	<shortcut>
		<defaultID>24001</defaultID>
		<label>Nvidia Shield</label>
		<label2 />
		<icon />
		<thumb />
		<action>PlayMedia(&quot;plugin://plugin.program.EleKta/?mode=writeadvanced&amp;name=Nvidia+Shield&amp;url=https%3A%2F%2Felekta.space%2FAdvancedSettings%2FNvidia%2520Shield%2520%28Kodi%252017%29.xml&quot;)</action>
	</shortcut>
	<shortcut>
		<defaultID>24001</defaultID>
		<label>EleKta Wizard</label>
		<label2 />
		<icon />
		<thumb />
		<action>RunAddon(plugin.program.EleKta)</action>
	</shortcut>
</shortcuts>