<?xml version='1.0' encoding='UTF-8'?>
<shortcuts>
	<shortcut>
		<defaultID>31159</defaultID>
		<label>31159</label>
		<label2 />
		<icon />
		<thumb />
		<action>ActivateWindow(Eventlog)</action>
	</shortcut>
	<shortcut>
		<defaultID>20077</defaultID>
		<label>20077</label>
		<label2 />
		<icon />
		<thumb />
		<action>ActivateWindow(SkinSettings)</action>
	</shortcut>
	<shortcut>
		<defaultID>7</defaultID>
		<label>7</label>
		<label2 />
		<icon />
		<thumb />
		<action>ActivateWindow(FileManager)</action>
	</shortcut>
</shortcuts>