<?xml version="1.0" encoding="UTF-8"?>

<window id="1166" type="window">
	<defaultcontrol always="true">2</defaultcontrol>

	<controls>
	<include>HomeBackground</include>
	<include>FloorImage1</include>
	<include>TestGrid</include>
	<include>KobraImage</include>
	<include>TimeAndDate</include>
	<include>BatteryInfo</include>
	<include>NetworkInfo</include>	
		<control type="grouplist" id="9000">
			<animation effect="slide" tween="cubic" time="1020" start="0,1080" end="0,0">WindowOpen</animation>
			<animation effect="slide" tween="cubic" time="1020" end="0,1080" start="0,0">WindowClose</animation>
			<orientation>Horizontal</orientation>
			<left>0</left>
			<top>430</top>
			<width>1920</width>
			<height>1080</height>
			<onleft>9000</onleft>
			<onright>9000</onright>
			<onup>9000</onup>
			<ondown>9000</ondown>
			<itemgap>46</itemgap>
			<align>center</align>
			<control type="button" id="2">
				<description>Back Button</description>
				<label>Go Back</label>
				<font>XXX_Icons</font>
				<align>center</align>
				<textcolor>themecolor</textcolor>
				<focusedcolor>themecolor</focusedcolor>
				<shadowcolor>ff000000</shadowcolor>
				<width>453</width>
				<height>277</height>
				<onleft>1</onleft>
				<onright>11</onright>
				<onup>19000</onup>
				<ondown>19000</ondown>
				<textoffsetx>0</textoffsetx>
				<texturefocus border="">xxx_icons/settings.png</texturefocus>
				<texturenofocus colordiffuse="grey3">xxx_icons/settings.png</texturenofocus>
				<onfocus>-</onfocus>
				<onunfocus>-</onunfocus>
				<animation effect="zoom" start="98" end="104" tween="cubic" easing="In" center="auto" time="230" pulse="false" condition="true">focus</animation>
				<animation effect="zoom" start="104" end="100" tween="cubic" easing="In" center="auto" time="230" pulse="false" condition="true">UnFocus</animation>
				<pulseonselect>false</pulseonselect>
				<onclick>ActivateWindow(SkinSettings)</onclick>
			</control>
			<control type="button" id="3">
				<description>Restore Skin Button</description>
				<label>Restore Skin</label>
				<font>XXX_Icons</font>
				<align>center</align>
				<textcolor>themecolor</textcolor>
				<focusedcolor>themecolor</focusedcolor>
				<shadowcolor>ff000000</shadowcolor>
				<width>453</width>
				<height>277</height>
				<onleft>1</onleft>
				<onright>11</onright>
				<onup>19000</onup>
				<ondown>19000</ondown>
				<textoffsetx>0</textoffsetx>
				<texturefocus border="">xxx_icons/reset.png</texturefocus>
				<texturenofocus colordiffuse="grey3">xxx_icons/reset.png</texturenofocus>
				<onfocus>-</onfocus>
				<onunfocus>-</onunfocus>
				<animation effect="zoom" start="98" end="104" center="auto" time="230" pulse="false" condition="true">focus</animation>
				<animation effect="zoom" start="104" end="100" center="auto" time="230" pulse="false" condition="true">UnFocus</animation>
				<pulseonselect>false</pulseonselect>
				<onclick>Skin.ResetSettings</onclick>
				<onclick>ActivateWindow(SkinSettings)</onclick>
			</control>
		</control>
	</controls>
</window>