<?xml version="1.0" encoding="UTF-8"?>
<window id="1163" type="window">
	<defaultcontrol always="true">9000</defaultcontrol>
	<controls>
		<include condition="Skin.HasSetting(Disable.multi.fanart.backgrounds)">MultiImageBackground</include>
		<include condition="!Skin.HasSetting(Disable.multi.fanart.backgrounds)">HomeBackground</include>
		<include>TestGrid</include>
		<include>Topbar</include>
		<include>FloorImage1</include>
		<control type="group">
			<top>128</top>
			<left>SettingsLeft</left>
			<include content="WindowOpenCloseAnimation">
				<param name="windowOpen" value="!Window.Previous(SettingsCategory.xml)" />
				<param name="windowClose" value="!Window.Next(SettingsCategory.xml)" />
			</include>
			<include>SystemLeftPanel</include>
			<control type="panel" id="9000">
				<left>82</left>
				<top>32</top>
				<width>356</width>
				<height>840</height>
				<onleft>9010</onleft>
				<onright>9010</onright>
				<onup>9000</onup>
				<ondown>9000</ondown>
				<pagecontrol />
				<scrolltime tween="quadratic" easing="out">200</scrolltime>
<!-- 				<visible>!Window.IsActive(1121)</visible> -->
				<include>SettingsFadeAnimation</include>
				<itemlayout height="90" width="356">
					<control type="image">
						<top>30</top>
						<width>356</width>
						<height>60</height>
						<texture border="1">separator2.png</texture>
					</control>
					<control type="label">
						<width>356</width>
						<height>90</height>
						<font>font15</font>
						<textoffsetx>20</textoffsetx>
						<textcolor>grey2</textcolor>
						<selectedcolor>selected</selectedcolor>
						<align>center</align>
						<label>$INFO[ListItem.Label]</label>
					</control>
				</itemlayout>
				<focusedlayout height="90" width="356">
					<control type="image">
						<top>30</top>
						<width>356</width>
						<height>60</height>
						<texture border="1">separator2.png</texture>
					</control>
					<control type="image">
						<width>356</width>
						<height>90</height>
						<texture border="4">listselect_fo.png</texture>
						<visible>Control.HasFocus(9000)</visible>
						<include>VisibleFadeAnimation</include>
					</control>
					<control type="label">
						<width>356</width>
						<height>90</height>
						<font>font15</font>
						<textoffsetx>20</textoffsetx>
						<textcolor>white</textcolor>
						<selectedcolor>selected</selectedcolor>
						<align>center</align>
						<label>$INFO[ListItem.Label]</label>
						<animation effect="fade" start="100" end="70" time="300" tween="sine" easing="inout" condition="!Control.HasFocus(9000)">Conditional</animation>
					</control>
				</focusedlayout>
				<content>
					<item id="1">
						<label>Install xXx Add-ons</label>
						<onclick>noop</onclick>
						<icon />
					</item>
				</content>
			</control>
			<control type="image">
				<description>LOGO</description>
				<left>82</left>
				<top>777</top>
				<width>356</width>
				<height>120</height>
				<aspectratio>keep</aspectratio>
				<texture>aeon-nox-logo1.png</texture>
			</control>
			<include>SystemRightPanel</include>
			<control type="image">
				<description>separator image</description>
				<left>522</left>
				<top>692</top>
				<width>1316</width>
				<height>60</height>
				<texture border="1">separator2.png</texture>
			</control>
			<control type="textbox">
				<description>description area</description>
				<left>552</left>
				<top>754</top>
				<width>1256</width>
				<height>120</height>
				<font>font15_textbox</font>
				<textcolor>grey2</textcolor>
				<label>$VAR[SkinSettingsDescriptionVar]</label>
				<autoscroll time="3000" delay="4000" repeat="5000">true</autoscroll>
				<animation effect="fade" start="0" end="100" time="300" tween="sine" easing="inout">Visible</animation>
				<animation effect="fade" start="100" end="0" time="0" tween="sine" easing="inout">Hidden</animation>
<!-- 				<visible>!Window.IsActive(1121)</visible> -->
			</control>
			<control type="group" id="9010">
<!-- 				<visible>!Window.IsActive(1121)</visible> -->
				<include>SettingsFadeAnimation</include>
				<control type="grouplist" id="9005">
					<description>control area</description>
					<left>522</left>
					<top>32</top>
					<width>1316</width>
					<height>720</height>
					<pagecontrol>60</pagecontrol>
					<onleft>9000</onleft>
					<onright>60</onright>
					<onup>9004</onup>
					<ondown>9004</ondown>
					<visible>Container(9000).HasFocus(1)</visible>
					<control type="button" id="501">
						<width>1316</width>
						<height>90</height>
						<textoffsetx>30</textoffsetx>
						<font>font15</font>
						<label>Install: Adult Hideout</label>
						<label2 condition="System.HasAddon(plugin.video.adulthideout)">[COLOR darkred]Not Installed[/COLOR]</label2>
						<onclick>InstallAddon(plugin.video.adulthideout)</onclick>
						<texturenofocus border="1">separator5.png</texturenofocus>
						<visible>!System.HasAddon(plugin.video.adulthideout)</visible>
					</control>
					<control type="button" id="502">
						<width>1316</width>
						<height>90</height>
						<textoffsetx>30</textoffsetx>
						<font>font15</font>
						<label>Install: Ultimate Whitecream</label>
						<label2 condition="System.HasAddon(plugin.video.uwc)">[COLOR darkred]Not Installed[/COLOR]</label2>
						<onclick>InstallAddon(plugin.video.uwc)</onclick>
						<texturenofocus border="1">separator5.png</texturenofocus>
						<visible>!System.HasAddon(plugin.video.uwc)</visible>
					</control>
					<control type="button" id="503">
						<width>1316</width>
						<height>90</height>
						<textoffsetx>30</textoffsetx>
						<font>font15</font>
						<label>Install: Lube Tube</label>
						<label2 condition="System.HasAddon(plugin.video.lubetube)">[COLOR darkred]Not Installed[/COLOR]</label2>
						<onclick>InstallAddon(plugin.video.lubetube)</onclick>
						<texturenofocus border="1">separator5.png</texturenofocus>
						<visible>!System.HasAddon(plugin.video.lubetube)</visible>
					</control>
					<control type="button" id="504">
						<width>1316</width>
						<height>90</height>
						<textoffsetx>30</textoffsetx>
						<font>font15</font>
						<label>Install: xXx-Odus</label>
						<label2 condition="System.HasAddon(plugin.video.xxx-o-dus)">[COLOR darkred]Not Installed[/COLOR]</label2>
						<onclick>InstallAddon(plugin.video.xxx-o-dus)</onclick>
						<texturenofocus border="1">separator5.png</texturenofocus>
						<visible>!System.HasAddon(plugin.video.xxx-o-dus)</visible>
					</control>
					<control type="button" id="505">
						<width>1316</width>
						<height>90</height>
						<textoffsetx>30</textoffsetx>
						<font>font15</font>
						<label>Install: Korean xXx</label>
						<label2 condition="System.HasAddon(plugin.video.korea-xxx)">[COLOR darkred]Not Installed[/COLOR]</label2>
						<label2>[COLOR themecolor]$VAR[SlimListSettingVar][/COLOR]</label2>
						<onclick>InstallAddon(plugin.video.korea-xxx)</onclick>
						<texturenofocus border="1">separator5.png</texturenofocus>
						<visible>!System.HasAddon(plugin.video.korea-xxx)</visible>
					</control>
					<control type="button" id="506">
						<width>1316</width>
						<height>90</height>
						<textoffsetx>30</textoffsetx>
						<font>font15</font>
						<label>Install: Fantasti CC</label>
						<label2 condition="System.HasAddon(plugin.video.fantasticc)">[COLOR darkred]Not Installed[/COLOR]</label2>
						<onclick>InstallAddon(plugin.video.fantasticc)</onclick>
						<texturenofocus border="1">separator5.png</texturenofocus>
						<visible>!System.HasAddon(plugin.video.fantasticc)</visible>
					</control>
					<control type="button" id="507">
						<width>1316</width>
						<height>90</height>
						<textoffsetx>30</textoffsetx>
						<font>font15</font>
						<label>Install: You Porn</label>
						<label2 condition="System.HasAddon(plugin.video.youporn)">[COLOR darkred]Not Installed[/COLOR]</label2>
						<onclick>InstallAddon(plugin.video.youporn)</onclick>
						<texturenofocus border="1">separator5.png</texturenofocus>
						<visible>!System.HasAddon(plugin.video.youporn)</visible>
					</control>
					<control type="button" id="508">
						<width>1316</width>
						<height>90</height>
						<textoffsetx>30</textoffsetx>
						<font>font15</font>
						<label>Install: Erotik xXx</label>
						<label2 condition="System.HasAddon(plugin.video.erotik)">[COLOR darkred]Not Installed[/COLOR]</label2>
						<onclick>InstallAddon(plugin.video.erotik)</onclick>
						<texturenofocus border="1">separator5.png</texturenofocus>
						<visible>!System.HasAddon(plugin.video.erotik)</visible>
					</control>
					<control type="button" id="509">
						<width>1316</width>
						<height>90</height>
						<textoffsetx>30</textoffsetx>
						<font>font15</font>
						<label>Install: Video Devil</label>
						<label2 condition="System.HasAddon(plugin.video.empflix)">[COLOR darkred]Not Installed[/COLOR]</label2>
						<onclick>InstallAddon(plugin.video.empflix)</onclick>
						<texturenofocus border="1">separator5.png</texturenofocus>
						<visible>!System.HasAddon(plugin.video.empflix)</visible>
					</control>
					<control type="button" id="510">
						<width>1316</width>
						<height>90</height>
						<textoffsetx>30</textoffsetx>
						<font>font15</font>
						<label>Install: Empflix</label>
						<label2 condition="System.HasAddon(plugin.video.empflix)">[COLOR darkred]Not Installed[/COLOR]</label2>
						<onclick>InstallAddon(plugin.video.empflix)</onclick>
						<texturenofocus border="1">separator5.png</texturenofocus>
						<visible>!System.HasAddon(plugin.video.empflix)</visible>
					</control>
					<control type="button" id="511">
						<width>1316</width>
						<height>90</height>
						<textoffsetx>30</textoffsetx>
						<font>font15</font>
						<label>Install: You Jizz</label>
						<label2 condition="System.HasAddon(plugin.video.you.jizz)">[COLOR darkred]Not Installed[/COLOR]</label2>
						<onclick>InstallAddon(plugin.video.you.jizz)</onclick>
						<texturenofocus border="1">separator5.png</texturenofocus>
						<visible>!System.HasAddon(plugin.video.you.jizz)</visible>
					</control>
					<control type="button" id="512">
						<width>1316</width>
						<height>90</height>
						<textoffsetx>30</textoffsetx>
						<font>font15</font>
						<label>Install: Adults Only</label>
						<label2 condition="System.HasAddon(plugin.video.adultsonly)">[COLOR darkred]Not Installed[/COLOR]</label2>
						<onclick>InstallAddon(plugin.video.adultsonly)</onclick>
						<texturenofocus border="1">separator5.png</texturenofocus>
						<visible>!System.HasAddon(plugin.video.adultsonly)</visible>
					</control>
					<control type="button" id="513">
						<width>1316</width>
						<height>90</height>
						<textoffsetx>30</textoffsetx>
						<font>font15</font>
						<label>Install: Just For Him</label>
						<label2 condition="System.HasAddon(plugin.video.jfh)">[COLOR darkred]Not Installed[/COLOR]</label2>
						<onclick>InstallAddon(plugin.video.jfh)</onclick>
						<texturenofocus border="1">separator5.png</texturenofocus>
						<visible>!System.HasAddon(plugin.video.jfh)</visible>
					</control>
					<control type="button" id="514">
						<width>1316</width>
						<height>90</height>
						<textoffsetx>30</textoffsetx>
						<font>font15</font>
						<label>Install: French Amateur</label>
						<label2 condition="System.HasAddon(plugin.video.invocom)">[COLOR darkred]Not Installed[/COLOR]</label2>
						<onclick>InstallAddon(plugin.video.invocom)</onclick>
						<texturenofocus border="1">separator5.png</texturenofocus>
						<visible>!System.HasAddon(plugin.video.invocom)</visible>
					</control>
				</control>
			</control>
		</control>
	</controls>
</window>