<?xml version="1.0" encoding="UTF-8"?>

<window id="1172" type="window">
	<defaultcontrol always="true">9000</defaultcontrol>
	<controls>
		<control type="image">
			<description>Mantenance Background</description>
			<top></top>
			<width>1920</width>
			<height>1080</height>
			<texture colordiffuse="grey2">maintenance_images/maintenance_bg.png</texture>
			<animation effect="fade" time="1000" condition="true">WindowOpen</animation>
			<animation effect="fade" time="700" delay="700" condition="true">WindowClose</animation>
		</control>
		<include>TestGrid</include>
		<control type="grouplist" id="9000">
<!-- 			<animation effect="slide" tween="cubic" time="1020" start="0,1080" end="0,0">WindowOpen</animation>
			<animation effect="slide" tween="cubic" time="1020" end="0,1080" start="0,0">WindowClose</animation> -->
			<orientation>Horizontal</orientation>
			<left>0</left>
			<top>426</top>
			<width>1920</width>
			<height>1080</height>
			<onleft>9000</onleft>
			<onright>9000</onright>
			<onup>9000</onup>
			<ondown>9000</ondown>
			<itemgap>46</itemgap>
			<align>center</align>
			<control type="button" id="1">
				<description>Home Button</description>
				<label>Home Menu</label>
				<font>XXX_Icons</font>
				<align>center</align>
				<textcolor>themecolor</textcolor>
				<focusedcolor>themecolor</focusedcolor>
				<shadowcolor>ff000000</shadowcolor>
				<width>404</width>
				<height>227</height>
				<textoffsetx>0</textoffsetx>
				<texturefocus border="20,20,20,20">xxx_icons/wizard.png</texturefocus>
				<texturenofocus border="20,20,20,20" colordiffuse="grey3">xxx_icons/wizard.png</texturenofocus>
				<onfocus>-</onfocus>
				<onunfocus>-</onunfocus>
				<animation effect="slide" tween="back" time="1620" start="-1720,0" end="0,0" delay="400">WindowOpen</animation>
				<animation effect="slide" tween="back" time="1620" start="0,0" end="2120,0" delay="900">WindowClose</animation>
				<animation effect="zoom" start="98" end="104" center="auto" time="230" pulse="false" condition="true">focus</animation>
				<animation effect="zoom" start="104" end="100" center="auto" time="230" pulse="false" condition="true">UnFocus</animation>
				<pulseonselect>true</pulseonselect>
				<onclick>ActivateWindow(home)</onclick>
			</control>
			<control type="button" id="2">
				<description>Clear Cache Button</description>
				<label>Clear Cache</label>
				<font>XXX_Icons</font>
				<align>center</align>
				<textcolor>themecolor</textcolor>
				<focusedcolor>themecolor</focusedcolor>
				<shadowcolor>ff000000</shadowcolor>
				<width>404</width>
				<height>227</height>
				<textoffsetx>0</textoffsetx>
				<texturefocus border="20,20,20,20">xxx_icons/wizard.png</texturefocus>
				<texturenofocus border="20,20,20,20" colordiffuse="grey3">xxx_icons/wizard.png</texturenofocus>
				<onfocus>-</onfocus>
				<onunfocus>-</onunfocus>
				<animation effect="slide" tween="back" time="1320" start="-1720,0" end="0,0" delay="400">WindowOpen</animation>
				<animation effect="slide" tween="back" time="1320" start="0,0" end="2120,0" delay="600">WindowClose</animation>
				<animation effect="zoom" start="98" end="104" center="auto" time="230" pulse="false" condition="true">focus</animation>
				<animation effect="zoom" start="104" end="100" center="auto" time="230" pulse="false" condition="true">UnFocus</animation>
				<pulseonselect>true</pulseonselect>
				<aspectratio>keep</aspectratio>
				<onclick>PlayMedia("plugin://plugin.program.xxxstream/?url=url&mode=4")</onclick>
			</control>
			<control type="button" id="3">
				<description>Delete Packages Button</description>
				<label>Delete Packages</label>
				<font>XXX_Icons</font>
				<align>center</align>
				<textcolor>themecolor</textcolor>
				<focusedcolor>themecolor</focusedcolor>
				<shadowcolor>ff000000</shadowcolor>
				<width>404</width>
				<height>227</height>
				<textoffsetx>0</textoffsetx>
				<texturefocus border="20,20,20,20">xxx_icons/wizard.png</texturefocus>
				<texturenofocus border="20,20,20,20" colordiffuse="grey3">xxx_icons/wizard.png</texturenofocus>
				<onfocus>-</onfocus>
				<onunfocus>-</onunfocus>
				<animation effect="slide" tween="back" time="1020" start="-1720,0" end="0,0" delay="400">WindowOpen</animation>
				<animation effect="slide" tween="back" time="1020" start="0,0" end="2120,0" delay="300">WindowClose</animation>
				<animation effect="zoom" start="98" end="104" center="auto" time="230" pulse="false" condition="true">focus</animation>
				<animation effect="zoom" start="104" end="100" center="auto" time="230" pulse="false" condition="true">UnFocus</animation>
				<pulseonselect>true</pulseonselect>
				<onclick>PlayMedia("plugin://plugin.program.xxxstream/?url=url&mode=7")</onclick>
			</control>
			<control type="button" id="4">
				<description>Force Close Application</description>
				<label>Force Close App</label>
				<font>XXX_Icons</font>
				<align>center</align>
				<textcolor>themecolor</textcolor>
				<focusedcolor>themecolor</focusedcolor>
				<shadowcolor>ff000000</shadowcolor>
				<width>404</width>
				<height>227</height>
				<textoffsetx>0</textoffsetx>
				<texturefocus border="20,20,20,20">xxx_icons/wizard.png</texturefocus>
				<texturenofocus border="20,20,20,20" colordiffuse="grey3">xxx_icons/wizard.png</texturenofocus>
				<onfocus>-</onfocus>
				<onunfocus>-</onunfocus>
				<animation effect="slide" tween="back" time="720" start="-1720,0" end="0,0" delay="400">WindowOpen</animation>
				<animation effect="slide" tween="back" time="720" start="0,0" end="2120,0" delay="100">WindowClose</animation>
				<animation effect="zoom" start="98" end="104" center="auto" time="230" pulse="false" condition="true">focus</animation>
				<animation effect="zoom" start="104" end="100" center="auto" time="230" pulse="false" condition="true">UnFocus</animation>
				<pulseonselect>true</pulseonselect>
				<onclick>PlayMedia("plugin://plugin.program.xxxstream/?url=url&mode=14")</onclick>
			</control>
		</control>
	</controls>
</window>