<?xml version="1.0" encoding="UTF-8"?>

<window id="1161" type="window">
	<defaultcontrol always="true">9000</defaultcontrol>

	<controls>
	<include condition="Skin.HasSetting(Disable.multi.fanart.backgrounds)">MultiImageBackground</include>
	<include condition="!Skin.HasSetting(Disable.multi.fanart.backgrounds)">HomeBackground</include>
	<include>FloorImage1</include>
	<include>TestGrid</include>
	<include>KobraImage</include>
	<include>TimeAndDate</include>
	<include>BatteryInfo</include>
	<include>NetworkInfo</include>
		

<!------------------------------------------------------------->
		

		<control type="grouplist" id="9000">
			<orientation>Horizontal</orientation>
			<left>0</left>
			<top>442</top>
			<width>1920</width>
			<height>1080</height>
			<onleft>9000</onleft>
			<onright>9000</onright>
			<onup>9000</onup>
			<ondown>9000</ondown>
			<itemgap>46</itemgap>
			<align>center</align>
			<control type="button" id="2">
				<description>Home Button</description>
				<label>Home Menu</label>
				<font>XXX_Icons</font>
				<align>center</align>
				<textcolor>themecolor</textcolor>
				<focusedcolor>themecolor</focusedcolor>
				<shadowcolor>ff000000</shadowcolor>
				<width>443</width>
				<height>249</height>
				<onleft>1</onleft>
				<onright>11</onright>
				<onup>19000</onup>
				<ondown>19000</ondown>
				<textoffsetx>0</textoffsetx>
				<texturefocus border="">xxx_icons/home.png</texturefocus>
				<texturenofocus colordiffuse="grey3">xxx_icons/home.png</texturenofocus>
				<onfocus>-</onfocus>
				<onunfocus>-</onunfocus>
				<animation effect="slide" tween="" time="720" start="-1420,0" end="0,0" delay="0">WindowOpen</animation>
				<animation effect="slide" tween="" time="720" start="0,0" end="-1120,0" delay="">WindowClose</animation>
				<animation effect="zoom" start="98" end="104" center="auto" time="230" pulse="false" condition="true">focus</animation>
				<animation effect="zoom" start="104" end="100" center="auto" time="230" pulse="false" condition="true">UnFocus</animation>
				<pulseonselect>false</pulseonselect>
				<onclick>ActivateWindow(home,return)</onclick>
			</control>
			<control type="button" id="1">
				<description>Master mode button</description>
				<label>Master Mode</label>
				<font>XXX_Icons</font>
				<align>center</align>
				<textcolor>themecolor</textcolor>
				<focusedcolor>themecolor</focusedcolor>
				<shadowcolor>ff000000</shadowcolor>
				<width>443</width>
				<height>249</height>
				<onleft>1</onleft>
				<onright>11</onright>
				<onup>19000</onup>
				<ondown>19000</ondown>
				<textoffsetx>0</textoffsetx>
				<texturefocus border="">xxx_icons/master_mode.png</texturefocus>
				<texturenofocus colordiffuse="grey3">xxx_icons/master_mode.png</texturenofocus>
				<onfocus>-</onfocus>
				<onunfocus>-</onunfocus>
				<animation effect="zoom" start="0" end="100" center="auto" time="730">WindowOpen</animation>
				<animation effect="fade" time="200" condition="true">WindowClose</animation>
				<animation effect="zoom" start="98" end="104" center="auto" time="230" pulse="false" condition="true">focus</animation>
				<animation effect="zoom" start="104" end="100" center="auto" time="230" pulse="false" condition="true">UnFocus</animation>
				<pulseonselect>false</pulseonselect>
				<onclick>xbmc.mastermode</onclick>
				<visible>System.HasLocks</visible>
			</control>
			<control type="button" id="3">
				<description>Quit Button</description>
				<label>Exit Kobra</label>
				<font>XXX_Icons</font>
				<align>center</align>
				<textcolor>themecolor</textcolor>
				<focusedcolor>themecolor</focusedcolor>
				<shadowcolor>ff000000</shadowcolor>
				<width>443</width>
				<height>249</height>
				<onleft>1</onleft>
				<onright>11</onright>
				<onup>19000</onup>
				<ondown>19000</ondown>
				<textoffsetx>0</textoffsetx>
				<texturefocus border="">xxx_icons/exit.png</texturefocus>
				<texturenofocus colordiffuse="grey3">xxx_icons/exit.png</texturenofocus>
				<onfocus>-</onfocus>
				<onunfocus>-</onunfocus>
				<animation effect="slide" tween="" time="720" start="1420,0" end="0,0" delay="0">WindowOpen</animation>
				<animation effect="slide" tween="" time="720" start="0,0" end="1120,0" delay="">WindowClose</animation>
				<animation effect="zoom" start="98" end="104" center="auto" time="230" pulse="false" condition="true">focus</animation>
				<animation effect="zoom" start="104" end="100" center="auto" time="230" pulse="false" condition="true">UnFocus</animation>
				<pulseonselect>false</pulseonselect>
				<onclick>Quit()</onclick>
			</control>
		</control>
	</controls>
</window>