<?xml version="1.0" encoding="UTF-8"?>

<window>
	<defaultcontrol always="false">2</defaultcontrol>
	<include>DialogOpenCloseAnimation</include>
	<controls>
	<include>HomeBackground</include>
	<include>FloorImage1</include>
	<include>TestGrid</include>
	<include>KobraImage</include>
	<include>TimeAndDate</include>
	<include>BatteryInfo</include>

<!--SKIN HAS KOBRA IMAGE ENABLED-->
		
		<control type="grouplist" id="9000">
			<animation effect="slide" tween="cubic" time="1020" start="0,1080" end="0,0">WindowOpen</animation>
			<animation effect="slide" tween="cubic" time="1020" end="0,1080" start="0,0">WindowClose</animation>
			<orientation>Horizontal</orientation>
			<visible>!Skin.HasSetting(disable.image)</visible>
			<left>0</left>
			<top>700</top>
			<width>1920</width>
			<height>1080</height>
			<onleft>9000</onleft>
			<onright>9000</onright>
			<onup>9000</onup>
			<ondown>9000</ondown>
			<itemgap>46</itemgap>
			<align>center</align>
			<control type="button" id="1">
				<description>Quit Button</description>
				<label>Quit Kobra</label>
				<font>XXX_Icons</font>
				<align>center</align>
				<textcolor>themecolor</textcolor>
				<focusedcolor>FFDDEBF0 </focusedcolor>
				<shadowcolor>ff000000</shadowcolor>
				<width>453</width>
				<height>277</height>
				<onleft>1</onleft>
				<onright>11</onright>
				<onup>19000</onup>
				<ondown>19000</ondown>
				<textoffsetx>0</textoffsetx>
				<texturefocus border="">xxx_icons/power.png</texturefocus>
				<texturenofocus colordiffuse="grey3">xxx_icons/power.png</texturenofocus>
				<onfocus>-</onfocus>
				<onunfocus>-</onunfocus>
				<animation effect="zoom" start="98" end="104" center="auto" time="230" pulse="false" condition="true">focus</animation>
				<animation effect="zoom" start="104" end="100" center="auto" time="230" pulse="false" condition="true">UnFocus</animation>
				<pulseonselect>false</pulseonselect>
				<onclick>Quit()</onclick>
			</control>
			<control type="button" id="2">
				<description>Home Button</description>
				<label>Home Menu</label>
				<font>XXX_Icons</font>
				<align>center</align>
				<textcolor>themecolor</textcolor>
				<focusedcolor>FFDDEBF0 </focusedcolor>
				<shadowcolor>ff000000</shadowcolor>
				<width>453</width>
				<height>277</height>
				<onleft>1</onleft>
				<onright>11</onright>
				<onup>19000</onup>
				<ondown>19000</ondown>
				<textoffsetx>0</textoffsetx>
				<texturefocus border="">xxx_icons/home.png</texturefocus>
				<texturenofocus colordiffuse="grey3">xxx_icons/home.png</texturenofocus>
				<onfocus>-</onfocus>
				<onunfocus>-</onunfocus>
				<animation effect="zoom" start="98" end="104" center="auto" time="230" pulse="false" condition="true">focus</animation>
				<animation effect="zoom" start="104" end="100" center="auto" time="230" pulse="false" condition="true">UnFocus</animation>
				<pulseonselect>false</pulseonselect>
				<onclick>ActivateWindow(home,return)</onclick>
			</control>
			<control type="button" id="3">
				<description>Master mode button</description>
				<label>Master Mode</label>
				<font>XXX_Icons</font>
				<align>center</align>
				<textcolor>themecolor</textcolor>
				<focusedcolor>FFDDEBF0 </focusedcolor>
				<shadowcolor>ff000000</shadowcolor>
				<width>453</width>
				<height>277</height>
				<onleft>1</onleft>
				<onright>11</onright>
				<onup>19000</onup>
				<ondown>19000</ondown>
				<textoffsetx>0</textoffsetx>
				<texturefocus border="">xxx_icons/master_mode.png</texturefocus>
				<texturenofocus colordiffuse="grey3">xxx_icons/master_mode.png</texturenofocus>
				<onfocus>-</onfocus>
				<onunfocus>-</onunfocus>
				<animation effect="zoom" start="98" end="104" center="auto" time="230" pulse="false" condition="true">focus</animation>
				<animation effect="zoom" start="104" end="100" center="auto" time="230" pulse="false" condition="true">UnFocus</animation>
				<pulseonselect>false</pulseonselect>
				<onclick>xbmc.mastermode</onclick>
				<visible>System.HasLocks</visible>
			</control>
<!-- 			<control type="togglebutton" id="10">
				<description>Master mode button</description>
				<width>510</width>
				<height>60</height>
				<label>20046</label>
				<altlabel>20045</altlabel>
				<textwidth>435</textwidth>
				<textoffsetx>45</textoffsetx>
				<texturefocus border="35,2,35,2">button_shutdown_focus.png</texturefocus>
				<texturenofocus colordiffuse="grey" border="35,2,35,2">button_shutdown_nofocus.png</texturenofocus>
				<usealttexture>!System.IsMaster</usealttexture>
				<alttexturefocus border="35,2,35,2">button_shutdown_focus.png</alttexturefocus>
				<alttexturenofocus colordiffuse="grey" border="35,2,35,2">button_shutdown_nofocus.png</alttexturenofocus>
				<onclick>xbmc.mastermode</onclick>
				<visible>System.HasLocks</visible>
				<align>center</align>
			</control> -->
		</control>
<!------------------------------------------------------------->
		
<!--SKIN HAS KOBRA IMAGE DISABLED-->

		<control type="grouplist" id="9000">
			<animation effect="slide" tween="cubic" time="1020" start="0,1080" end="0,0">WindowOpen</animation>
			<animation effect="slide" tween="cubic" time="1020" end="0,1080" start="0,0">WindowClose</animation>
			<orientation>Horizontal</orientation>
			<visible>Skin.HasSetting(disable.image)</visible>
			<left>0</left>
			<top>402</top>
			<width>1920</width>
			<height>1080</height>
			<onleft>9000</onleft>
			<onright>9000</onright>
			<onup>9000</onup>
			<ondown>9000</ondown>
			<itemgap>46</itemgap>
			<align>center</align>
			<control type="button" id="1">
				<description>Quit Button</description>
				<label>Quit Kobra</label>
				<font>XXX_Icons</font>
				<align>center</align>
				<textcolor>themecolor</textcolor>
				<focusedcolor>FFDDEBF0 </focusedcolor>
				<shadowcolor>ff000000</shadowcolor>
				<width>453</width>
				<height>277</height>
				<onleft>1</onleft>
				<onright>11</onright>
				<onup>19000</onup>
				<ondown>19000</ondown>
				<textoffsetx>0</textoffsetx>
				<texturefocus border="">xxx_icons/power.png</texturefocus>
				<texturenofocus colordiffuse="grey3">xxx_icons/power.png</texturenofocus>
				<onfocus>-</onfocus>
				<onunfocus>-</onunfocus>
				<animation effect="zoom" start="98" end="104" center="auto" time="230" pulse="false" condition="true">focus</animation>
				<animation effect="zoom" start="104" end="100" center="auto" time="230" pulse="false" condition="true">UnFocus</animation>
				<pulseonselect>false</pulseonselect>
				<onclick>Quit()</onclick>
			</control>
			<control type="button" id="2">
				<description>Home Button</description>
				<label>Home Menu</label>
				<font>XXX_Icons</font>
				<align>center</align>
				<textcolor>themecolor</textcolor>
				<focusedcolor>FFDDEBF0 </focusedcolor>
				<shadowcolor>ff000000</shadowcolor>
				<width>453</width>
				<height>277</height>
				<onleft>1</onleft>
				<onright>11</onright>
				<onup>19000</onup>
				<ondown>19000</ondown>
				<textoffsetx>0</textoffsetx>
				<texturefocus border="">xxx_icons/home.png</texturefocus>
				<texturenofocus colordiffuse="grey3">xxx_icons/home.png</texturenofocus>
				<onfocus>-</onfocus>
				<onunfocus>-</onunfocus>
				<animation effect="zoom" start="98" end="104" center="auto" time="230" pulse="false" condition="true">focus</animation>
				<animation effect="zoom" start="104" end="100" center="auto" time="230" pulse="false" condition="true">UnFocus</animation>
				<pulseonselect>false</pulseonselect>
				<onclick>ActivateWindow(home,return)</onclick>
			</control>
			<control type="button" id="3">
				<description>Master mode button</description>
				<label>Master Mode</label>
				<font>XXX_Icons</font>
				<align>center</align>
				<textcolor>themecolor</textcolor>
				<focusedcolor>FFDDEBF0 </focusedcolor>
				<shadowcolor>ff000000</shadowcolor>
				<width>453</width>
				<height>277</height>
				<onleft>1</onleft>
				<onright>11</onright>
				<onup>19000</onup>
				<ondown>19000</ondown>
				<textoffsetx>0</textoffsetx>
				<texturefocus border="">xxx_icons/master_mode.png</texturefocus>
				<texturenofocus colordiffuse="grey3">xxx_icons/master_mode.png</texturenofocus>
				<onfocus>-</onfocus>
				<onunfocus>-</onunfocus>
				<animation effect="zoom" start="98" end="104" center="auto" time="230" pulse="false" condition="true">focus</animation>
				<animation effect="zoom" start="104" end="100" center="auto" time="230" pulse="false" condition="true">UnFocus</animation>
				<pulseonselect>false</pulseonselect>
				<onclick>xbmc.mastermode</onclick>
				<visible>System.HasLocks</visible>
			</control>
<!-- 			<control type="togglebutton" id="10">
				<description>Master mode button</description>
				<width>510</width>
				<height>60</height>
				<label>20046</label>
				<altlabel>20045</altlabel>
				<textwidth>435</textwidth>
				<textoffsetx>45</textoffsetx>
				<texturefocus border="35,2,35,2">button_shutdown_focus.png</texturefocus>
				<texturenofocus colordiffuse="grey" border="35,2,35,2">button_shutdown_nofocus.png</texturenofocus>
				<usealttexture>!System.IsMaster</usealttexture>
				<alttexturefocus border="35,2,35,2">button_shutdown_focus.png</alttexturefocus>
				<alttexturenofocus colordiffuse="grey" border="35,2,35,2">button_shutdown_nofocus.png</alttexturenofocus>
				<onclick>xbmc.mastermode</onclick>
				<visible>System.HasLocks</visible>
				<align>center</align>
			</control> -->
		</control>
<!------------------------------------------------------------->

	</controls>
</window>