<?xml version="1.0" encoding="UTF-8"?>
<window>
	<defaultcontrol always="true">450</defaultcontrol>
	<allowoverlay>no</allowoverlay>
	<include>DialogOpenCloseAnimation</include>
	<include>FloorImage1</include>
	<include>TestGrid</include>
	<controls>
		<include>HomeBackground</include>
		<control type="group">
			<width>1570</width>
			<height>662</height>
			<centerleft>50%</centerleft>
			<centertop>50%</centertop>
			<control type="image">
				<width>1570</width>
				<height>662</height>
				<texture border="40">dialogs/default/bg.png</texture>
			</control>
			<control type="label" id="411">
				<description>header label</description>
				<label>1023</label>
				<left>30</left>
				<top>32</top>
				<width>1506</width>
				<height>40</height>
				<textoffsetx>15</textoffsetx>
				<font>font15_title</font>
				<label>$LOCALIZE[13406]</label>
				<align>center</align>
				<textcolor>dialogheader</textcolor>
				<animation effect="fade" start="100" end="0" time="0" delay="30000" condition="True">Conditional</animation>
			</control>
			<control type="label" id="412">
				<description>Path label</description>
				<label>1023</label>
				<left>30</left>
				<top>32</top>
				<width>1506</width>
				<height>40</height>
				<textoffsetx>15</textoffsetx>
				<font>font15_title</font>
				<label>$LOCALIZE[13406]</label>
				<align>center</align>
				<textcolor>dialogheader</textcolor>
				<animation effect="fade" start="0" end="100" time="250" delay="3000" condition="True">Conditional</animation>
			</control>
			<control type="group">
				<left>30</left>
				<top>86</top>
				<control type="image">
					<width>962</width>
					<height>542</height>
					<texture border="5">dialogs/default/inner.png</texture>
				</control>
				<control type="list" id="450">
					<left>1</left>
					<top>1</top>
					<width>960</width>
					<height>540</height>
					<onleft>9000</onleft>
					<onright>60</onright>
					<onup>450</onup>
					<ondown>450</ondown>
					<pagecontrol>60</pagecontrol>
					<viewtype>list</viewtype>
					<scrolltime tween="quadratic" easing="out">200</scrolltime>
					<itemlayout height="60" width="960">
						<control type="image">
							<width>960</width>
							<height>60</height>
							<texture border="1">separator2.png</texture>
						</control>
						<control type="label">
							<width>960</width>
							<height>60</height>
							<font>font14</font>
							<textoffsetx>15</textoffsetx>
							<textcolor>grey2</textcolor>
							<selectedcolor>green</selectedcolor>
							<info>ListItem.Label</info>
						</control>
					</itemlayout>
					<focusedlayout height="60" width="960">
						<control type="image">
							<width>960</width>
							<height>62</height>
							<texture border="5">listselect_fo.png</texture>
							<visible>Control.HasFocus(450)</visible>
							<include>VisibleFadeAnimation</include>
						</control>
						<control type="label">
							<width>960</width>
							<height>60</height>
							<font>font14</font>
							<textoffsetx>15</textoffsetx>
							<selectedcolor>green</selectedcolor>
							<info>ListItem.Label</info>
						</control>
					</focusedlayout>
				</control>
				<control type="panel" id="451">
					<left>1</left>
					<top>1</top>
					<width>960</width>
					<height>540</height>
					<onleft>9000</onleft>
					<onright>60</onright>
					<onup>451</onup>
					<ondown>451</ondown>
					<pagecontrol>60</pagecontrol>
					<viewtype>icon</viewtype>
					<scrolltime tween="quadratic" easing="out">300</scrolltime>
					<itemlayout height="180" width="320">
						<control type="image">
							<width>320</width>
							<height>180</height>
							<aspectratio>keep</aspectratio>
							<texture background="true">$INFO[ListItem.Icon]</texture>
							<bordertexture border="2">thumbs/panel_border3.png</bordertexture>
							<bordersize>2</bordersize>
						</control>
						<control type="image">
							<width>320</width>
							<height>180</height>
							<aspectratio>scale</aspectratio>
							<texture border="1" colordiffuse="44FFFFFF">black.png</texture>
							<bordersize>2</bordersize>
						</control>
						<control type="image">
							<top>120</top>
							<width>320</width>
							<height>60</height>
							<texture>black.png</texture>
							<bordersize>2</bordersize>
							<colordiffuse>88ffffff</colordiffuse>
						</control>
						<control type="label">
							<top>120</top>
							<width>320</width>
							<height>60</height>
							<font>font14</font>
							<align>center</align>
							<textoffsetx>15</textoffsetx>
							<textcolor>grey2</textcolor>
							<label>$INFO[ListItem.Label]</label>
						</control>
					</itemlayout>
					<focusedlayout height="180" width="320">
						<control type="image">
							<width>320</width>
							<height>180</height>
							<aspectratio>keep</aspectratio>
							<texture background="true">$INFO[ListItem.Icon]</texture>
							<bordertexture border="2">thumbs/panel_border3.png</bordertexture>
							<bordersize>2</bordersize>
						</control>
						<control type="image">
							<width>320</width>
							<height>180</height>
							<aspectratio>scale</aspectratio>
							<texture border="1" colordiffuse="44FFFFFF">black.png</texture>
							<bordersize>2</bordersize>
							<include>FocusFadeOutAnimation</include>
						</control>
						<control type="image">
							<top>120</top>
							<width>320</width>
							<height>60</height>
							<texture>black.png</texture>
							<bordersize>2</bordersize>
							<colordiffuse>88ffffff</colordiffuse>
						</control>
						<control type="label">
							<top>120</top>
							<width>320</width>
							<height>60</height>
							<font>font14</font>
							<align>center</align>
							<textoffsetx>15</textoffsetx>
							<label>$INFO[ListItem.Label]</label>
							<animation effect="fade" end="100" start="66" time="200" tween="sine" easing="inout">Focus</animation>
							<animation effect="fade" start="100" end="66" time="200" tween="sine" easing="inout">UnFocus</animation>
						</control>
						<control type="image">
							<width>320</width>
							<height>180</height>
							<texture border="10">thumbs/thumbnail_focused.png</texture>
							<include>FocusFadeInAnimation</include>
						</control>
					</focusedlayout>
				</control>
				<control type="scrollbar" id="60">
					<left>961</left>
					<top>1</top>
					<width>14</width>
					<height>540</height>
					<texturesliderbackground />
					<texturesliderbar colordiffuse="55ffffff" border="4">scrollbar/texturesliderbar3.png</texturesliderbar>
					<texturesliderbarfocus border="4">scrollbar/texturesliderbar3.png</texturesliderbarfocus>
					<onleft>450</onleft>
					<onright>9000</onright>
					<showonepage>false</showonepage>
					<orientation>vertical</orientation>
				</control>
			</control>
			<control type="group">
				<left>1006</left>
				<top>72</top>
				<control type="image">
					<width>534</width>
					<height>300</height>
					<aspectratio>keep</aspectratio>
					<fadetime>300</fadetime>
					<texture background="true">$INFO[ListItem.Icon]</texture>
					<bordertexture border="5">dialogs/default/inner.png</bordertexture>
					<bordersize>1</bordersize>
					<visible>!String.Contains(Control.GetLabel(416),*)</visible>
				</control>
				<control type="image">
					<width>534</width>
					<height>300</height>
					<fadetime>300</fadetime>
					<aspectratio>keep</aspectratio>
					<texture background="true" flipx="true">$INFO[ListItem.Icon]</texture>
					<bordertexture border="5">dialogs/default/inner.png</bordertexture>
					<bordersize>1</bordersize>
					<visible>String.Contains(Control.GetLabel(416),*)</visible>
				</control>
				<control type="image">
					<top>314</top>
					<width>536</width>
					<height>242</height>
					<texture border="5">dialogs/default/inner.png</texture>
				</control>
				<control type="grouplist" id="9000">
					<left>1</left>
					<top>316</top>
					<width>534</width>
					<height>240</height>
					<orientation>vertical</orientation>
					<onleft>60</onleft>
					<onright>450</onright>
					<onup>9000</onup>
					<ondown>9000</ondown>
					<control type="button" id="413">
						<description>OK button</description>
						<width>534</width>
						<label>186</label>
					</control>
					<control type="button" id="414">
						<description>Cancel button</description>
						<label>222</label>
						<width>534</width>
					</control>
					<control type="button" id="415">
						<description>Create folder button</description>
						<label>119</label>
						<width>534</width>
					</control>
					<control type="radiobutton" id="416">
						<description>Flip Image button</description>
						<radioposx>460</radioposx>
						<width>534</width>
						<label>749</label>
					</control>
				</control>
			</control>
		</control>
	</controls>
</window>